LOCATION;INDICATOR;SUBJECT;MEASURE;FREQUENCY;TIME;Value;Flag Codes
AUS;GGNLEND;TOT;PC_GDP;A;1970;-152.828.693.153.671;
AUS;GGNLEND;TOT;PC_GDP;A;1971;-149.501.661.129.568;
AUS;GGNLEND;TOT;PC_GDP;A;1972;-196.102.045.322.254;
AUS;GGNLEND;TOT;PC_GDP;A;1973;-0.826679036479905;
AUS;GGNLEND;TOT;PC_GDP;A;1974;-344.532.390.254.856;
AUS;GGNLEND;TOT;PC_GDP;A;1975;-429.399.272.936.688;
AUS;GGNLEND;TOT;PC_GDP;A;1976;-417.134.422.685.127;
AUS;GGNLEND;TOT;PC_GDP;A;1977;-506.958.061.261.398;
AUS;GGNLEND;TOT;PC_GDP;A;1978;-475.953.886.704.112;
AUS;GGNLEND;TOT;PC_GDP;A;1979;-315.130.264.242.892;
AUS;GGNLEND;TOT;PC_GDP;A;1980;-332.574.151.499.439;
AUS;GGNLEND;TOT;PC_GDP;A;1981;-37.240.696.933.855;
AUS;GGNLEND;TOT;PC_GDP;A;1982;-569.030.146.243.599;
AUS;GGNLEND;TOT;PC_GDP;A;1983;-6.075.794.163.344;
AUS;GGNLEND;TOT;PC_GDP;A;1984;-577.981.417.627.775;
AUS;GGNLEND;TOT;PC_GDP;A;1985;-519.086.720.181.552;
AUS;GGNLEND;TOT;PC_GDP;A;1986;-351.732.470.997.437;
AUS;GGNLEND;TOT;PC_GDP;A;1987;-178.328.249.684.198;
AUS;GGNLEND;TOT;PC_GDP;A;1988;-104.621.483.653.742;
AUS;GGNLEND;TOT;PC_GDP;A;1989;-217.984.324.500.628;
AUS;GGNLEND;TOT;PC_GDP;A;1990;-33.331.728.222.661;
AUS;GGNLEND;TOT;PC_GDP;A;1991;-581.706.588.170.257;
AUS;GGNLEND;TOT;PC_GDP;A;1992;-616.317.939.829.144;
AUS;GGNLEND;TOT;PC_GDP;A;1993;-441.450.341.926.317;
AUS;GGNLEND;TOT;PC_GDP;A;1994;-421.571.079.360.725;
AUS;GGNLEND;TOT;PC_GDP;A;1995;-301.175.207.211.568;
AUS;GGNLEND;TOT;PC_GDP;A;1996;-122.433.654.074.175;
AUS;GGNLEND;TOT;PC_GDP;A;1997;0.18465089440277;
AUS;GGNLEND;TOT;PC_GDP;A;1998;0.629880203673067;
AUS;GGNLEND;TOT;PC_GDP;A;1999;195.496.556.723.451;
AUS;GGNLEND;TOT;PC_GDP;A;2000;-129.156.198.365.813;
AUS;GGNLEND;TOT;PC_GDP;A;2001;-0.742956004624131;
AUS;GGNLEND;TOT;PC_GDP;A;2002;0.706620455615714;
AUS;GGNLEND;TOT;PC_GDP;A;2003;0.793983464949862;
AUS;GGNLEND;TOT;PC_GDP;A;2004;0.927317428637534;
AUS;GGNLEND;TOT;PC_GDP;A;2005;159.835.179.356.575;
AUS;GGNLEND;TOT;PC_GDP;A;2006;158.083.735.495.514;
AUS;GGNLEND;TOT;PC_GDP;A;2007;0.655470494499018;
AUS;GGNLEND;TOT;PC_GDP;A;2008;-383.830.150.936.246;
AUS;GGNLEND;TOT;PC_GDP;A;2009;-564.118.412.566.707;
AUS;GGNLEND;TOT;PC_GDP;A;2010;-455.991.703.345.241;
AUS;GGNLEND;TOT;PC_GDP;A;2011;-462.765.702.157.613;
AUS;GGNLEND;TOT;PC_GDP;A;2012;-284.810.003.006.838;
AUS;GGNLEND;TOT;PC_GDP;A;2013;-278.337.817.473.697;
AUS;GGNLEND;TOT;PC_GDP;A;2014;-223.753.391.999.655;
AUS;GGNLEND;TOT;PC_GDP;A;2015;-222.408.174.050.912;
AUS;GGNLEND;TOT;PC_GDP;A;2016;-158.514.647.253.739;
AUS;GGNLEND;TOT;PC_GDP;A;2017;-121.038.621.322.183;
AUS;GGNLEND;TOT;PC_GDP;A;2018;-138.363.403.511.638;
AUS;GGNLEND;TOT;PC_GDP;A;2019;-701.399.515.325.054;
AUS;GGNLEND;TOT;PC_GDP;A;2020;-916.219.280.827.564;
AUS;GGNLEND;TOT;PC_GDP;A;2021;-427.010.923.535.253;
AUT;GGNLEND;TOT;PC_GDP;A;1995;-613.397.127.832.002;
AUT;GGNLEND;TOT;PC_GDP;A;1996;-450.361.584.758.439;
AUT;GGNLEND;TOT;PC_GDP;A;1997;-257.579.119.873.407;
AUT;GGNLEND;TOT;PC_GDP;A;1998;-269.622.684.089.122;
AUT;GGNLEND;TOT;PC_GDP;A;1999;-259.588.665.384.224;
AUT;GGNLEND;TOT;PC_GDP;A;2000;-240.470.232.925.518;
AUT;GGNLEND;TOT;PC_GDP;A;2001;-0.661575545058186;
AUT;GGNLEND;TOT;PC_GDP;A;2002;-138.117.492.289.023;
AUT;GGNLEND;TOT;PC_GDP;A;2003;-178.642.545.239.967;
AUT;GGNLEND;TOT;PC_GDP;A;2004;-480.498.601.475.414;
AUT;GGNLEND;TOT;PC_GDP;A;2005;-250.834.960.050.974;
AUT;GGNLEND;TOT;PC_GDP;A;2006;-253.544.812.656.201;
AUT;GGNLEND;TOT;PC_GDP;A;2007;-13.546.226.842.878;
AUT;GGNLEND;TOT;PC_GDP;A;2008;-149.526.533.239.112;
AUT;GGNLEND;TOT;PC_GDP;A;2009;-532.970.620.254.501;
AUT;GGNLEND;TOT;PC_GDP;A;2010;-44.412.670.586.594;
AUT;GGNLEND;TOT;PC_GDP;A;2011;-255.356.599.419.093;
AUT;GGNLEND;TOT;PC_GDP;A;2012;-21.890.705.954.037;
AUT;GGNLEND;TOT;PC_GDP;A;2013;-195.007.752.148.589;
AUT;GGNLEND;TOT;PC_GDP;A;2014;-272.914.820.817.187;
AUT;GGNLEND;TOT;PC_GDP;A;2015;-100.998.860.688.189;
AUT;GGNLEND;TOT;PC_GDP;A;2016;-153.459.116.331.167;
AUT;GGNLEND;TOT;PC_GDP;A;2017;-0.816118350278008;
AUT;GGNLEND;TOT;PC_GDP;A;2018;0.170146401487834;
AUT;GGNLEND;TOT;PC_GDP;A;2019;0.610817234373008;
AUT;GGNLEND;TOT;PC_GDP;A;2020;-800.884.720.254.813;
AUT;GGNLEND;TOT;PC_GDP;A;2021;-592.955.037.868.276;
BEL;GGNLEND;TOT;PC_GDP;A;1995;-450.835.696.480.245;
BEL;GGNLEND;TOT;PC_GDP;A;1996;-400.252.745.032.249;
BEL;GGNLEND;TOT;PC_GDP;A;1997;-215.125.735.436.845;
BEL;GGNLEND;TOT;PC_GDP;A;1998;-102.487.363.717.728;
BEL;GGNLEND;TOT;PC_GDP;A;1999;-0.648349453339474;
BEL;GGNLEND;TOT;PC_GDP;A;2000;-0.079297470437997;
BEL;GGNLEND;TOT;PC_GDP;A;2001;0.232848556887494;
BEL;GGNLEND;TOT;PC_GDP;A;2002;-0.043695305389563;
BEL;GGNLEND;TOT;PC_GDP;A;2003;-18.641.523.014.564;
BEL;GGNLEND;TOT;PC_GDP;A;2004;-0.238697094566163;
BEL;GGNLEND;TOT;PC_GDP;A;2005;-271.499.327.823.464;
BEL;GGNLEND;TOT;PC_GDP;A;2006;0.239580626261912;
BEL;GGNLEND;TOT;PC_GDP;A;2007;0.066439884418465;
BEL;GGNLEND;TOT;PC_GDP;A;2008;-109.534.486.959.375;
BEL;GGNLEND;TOT;PC_GDP;A;2009;-54.309.890.992.886;
BEL;GGNLEND;TOT;PC_GDP;A;2010;-408.770.609.470.009;
BEL;GGNLEND;TOT;PC_GDP;A;2011;-433.007.826.734.098;
BEL;GGNLEND;TOT;PC_GDP;A;2012;-431.838.232.799.818;
BEL;GGNLEND;TOT;PC_GDP;A;2013;-312.937.792.710.242;
BEL;GGNLEND;TOT;PC_GDP;A;2014;-30.556.821.743.147;
BEL;GGNLEND;TOT;PC_GDP;A;2015;-241.367.079.640.241;
BEL;GGNLEND;TOT;PC_GDP;A;2016;-236.311.261.975.241;
BEL;GGNLEND;TOT;PC_GDP;A;2017;-0.683833123506769;
BEL;GGNLEND;TOT;PC_GDP;A;2018;-0.869860458888453;
BEL;GGNLEND;TOT;PC_GDP;A;2019;-194.336.094.600.382;
BEL;GGNLEND;TOT;PC_GDP;A;2020;-897.273.600.922.783;E
BEL;GGNLEND;TOT;PC_GDP;A;2021;-55.606.320.857.412;E
CAN;GGNLEND;TOT;PC_GDP;A;1981;-289.229.499.562.925;
CAN;GGNLEND;TOT;PC_GDP;A;1982;-689.832.835.713.237;
CAN;GGNLEND;TOT;PC_GDP;A;1983;-799.803.472.927.684;
CAN;GGNLEND;TOT;PC_GDP;A;1984;-794.006.744.793.132;
CAN;GGNLEND;TOT;PC_GDP;A;1985;-875.732.710.433.637;
CAN;GGNLEND;TOT;PC_GDP;A;1986;-732.164.897.556.159;
CAN;GGNLEND;TOT;PC_GDP;A;1987;-574.576.554.490.751;
CAN;GGNLEND;TOT;PC_GDP;A;1988;-451.096.995.664.339;
CAN;GGNLEND;TOT;PC_GDP;A;1989;-471.828.332.928.814;
CAN;GGNLEND;TOT;PC_GDP;A;1990;-591.142.212.592.074;
CAN;GGNLEND;TOT;PC_GDP;A;1991;-835.939.826.696.097;
CAN;GGNLEND;TOT;PC_GDP;A;1992;-919.914.926.312.156;
CAN;GGNLEND;TOT;PC_GDP;A;1993;-893.476.494.470.823;
CAN;GGNLEND;TOT;PC_GDP;A;1994;-69.359.775.345.593;
CAN;GGNLEND;TOT;PC_GDP;A;1995;-548.964.011.250.317;
CAN;GGNLEND;TOT;PC_GDP;A;1996;-305.256.596.040.631;
CAN;GGNLEND;TOT;PC_GDP;A;1997;0.038702165336532;
CAN;GGNLEND;TOT;PC_GDP;A;1998;0.142682776423957;
CAN;GGNLEND;TOT;PC_GDP;A;1999;165.557.624.708.932;
CAN;GGNLEND;TOT;PC_GDP;A;2000;263.970.396.113.812;
CAN;GGNLEND;TOT;PC_GDP;A;2001;0.529468967089921;
CAN;GGNLEND;TOT;PC_GDP;A;2002;-0.233895789038062;
CAN;GGNLEND;TOT;PC_GDP;A;2003;-0.126957864812588;
CAN;GGNLEND;TOT;PC_GDP;A;2004;0.767669538252837;
CAN;GGNLEND;TOT;PC_GDP;A;2005;155.312.009.791.853;
CAN;GGNLEND;TOT;PC_GDP;A;2006;182.760.436.294.437;
CAN;GGNLEND;TOT;PC_GDP;A;2007;181.965.580.691.923;
CAN;GGNLEND;TOT;PC_GDP;A;2008;0.184485477426328;
CAN;GGNLEND;TOT;PC_GDP;A;2009;-388.135.176.862.462;
CAN;GGNLEND;TOT;PC_GDP;A;2010;-473.755.858.174.554;
CAN;GGNLEND;TOT;PC_GDP;A;2011;-330.873.255.346.625;
CAN;GGNLEND;TOT;PC_GDP;A;2012;-252.451.700.716.013;
CAN;GGNLEND;TOT;PC_GDP;A;2013;-149.475.856.710.511;
CAN;GGNLEND;TOT;PC_GDP;A;2014;0.174896160104426;
CAN;GGNLEND;TOT;PC_GDP;A;2015;-0.061845591002195;
CAN;GGNLEND;TOT;PC_GDP;A;2016;-0.453312334765877;
CAN;GGNLEND;TOT;PC_GDP;A;2017;-0.112162665295115;
CAN;GGNLEND;TOT;PC_GDP;A;2018;0.350945463897928;
CAN;GGNLEND;TOT;PC_GDP;A;2019;-0.017289349803744;
CAN;GGNLEND;TOT;PC_GDP;A;2020;-109.103.983.787.705;
CAN;GGNLEND;TOT;PC_GDP;A;2021;-438.138.393.970.716;
CZE;GGNLEND;TOT;PC_GDP;A;1995;-123.712.496.225.661;
CZE;GGNLEND;TOT;PC_GDP;A;1996;-300.488.450.216.072;
CZE;GGNLEND;TOT;PC_GDP;A;1997;-317.489.792.108.062;
CZE;GGNLEND;TOT;PC_GDP;A;1998;-417.305.010.052.749;
CZE;GGNLEND;TOT;PC_GDP;A;1999;-312.816.386.097.898;
CZE;GGNLEND;TOT;PC_GDP;A;2000;-357.563.564.178.522;
CZE;GGNLEND;TOT;PC_GDP;A;2001;-575.954.800.192.003;
CZE;GGNLEND;TOT;PC_GDP;A;2002;-63.513.616.962.135;
CZE;GGNLEND;TOT;PC_GDP;A;2003;-685.802.344.080.934;
CZE;GGNLEND;TOT;PC_GDP;A;2004;-236.953.865.069.805;
CZE;GGNLEND;TOT;PC_GDP;A;2005;-302.656.956.824.642;
CZE;GGNLEND;TOT;PC_GDP;A;2006;-215.014.326.452.803;
CZE;GGNLEND;TOT;PC_GDP;A;2007;-0.644844855582269;
CZE;GGNLEND;TOT;PC_GDP;A;2008;-196.420.355.886.674;
CZE;GGNLEND;TOT;PC_GDP;A;2009;-541.134.758.947.177;
CZE;GGNLEND;TOT;PC_GDP;A;2010;-415.200.094.167.854;
CZE;GGNLEND;TOT;PC_GDP;A;2011;-270.035.149.839.144;
CZE;GGNLEND;TOT;PC_GDP;A;2012;-38.971.002.555.203;
CZE;GGNLEND;TOT;PC_GDP;A;2013;-128.388.671.363.478;
CZE;GGNLEND;TOT;PC_GDP;A;2014;-207.549.140.933.957;
CZE;GGNLEND;TOT;PC_GDP;A;2015;-0.64381765122764;
CZE;GGNLEND;TOT;PC_GDP;A;2016;0.711776192532093;
CZE;GGNLEND;TOT;PC_GDP;A;2017;150.140.595.995.533;
CZE;GGNLEND;TOT;PC_GDP;A;2018;0.892517706843825;
CZE;GGNLEND;TOT;PC_GDP;A;2019;0.288509121474271;
CZE;GGNLEND;TOT;PC_GDP;A;2020;-576.648.179.906.889;
CZE;GGNLEND;TOT;PC_GDP;A;2021;-509.963.057.709.172;
DNK;GGNLEND;TOT;PC_GDP;A;1995;-362.003.199.102.571;
DNK;GGNLEND;TOT;PC_GDP;A;1996;-248.257.462.799.153;
DNK;GGNLEND;TOT;PC_GDP;A;1997;-120.021.352.911.995;
DNK;GGNLEND;TOT;PC_GDP;A;1998;-0.388536959676941;
DNK;GGNLEND;TOT;PC_GDP;A;1999;0.868853784849396;
DNK;GGNLEND;TOT;PC_GDP;A;2000;1.887.315.011.175;
DNK;GGNLEND;TOT;PC_GDP;A;2001;114.055.420.849.418;
DNK;GGNLEND;TOT;PC_GDP;A;2002;-0.015387113245999;
DNK;GGNLEND;TOT;PC_GDP;A;2003;-0.133147614335798;
DNK;GGNLEND;TOT;PC_GDP;A;2004;20.731.728.722.497;
DNK;GGNLEND;TOT;PC_GDP;A;2005;495.503.054.106.776;
DNK;GGNLEND;TOT;PC_GDP;A;2006;498.710.007.232.549;
DNK;GGNLEND;TOT;PC_GDP;A;2007;502.045.812.820.832;
DNK;GGNLEND;TOT;PC_GDP;A;2008;317.390.813.019.585;
DNK;GGNLEND;TOT;PC_GDP;A;2009;-279.814.242.201.751;
DNK;GGNLEND;TOT;PC_GDP;A;2010;-271.027.147.514.494;
DNK;GGNLEND;TOT;PC_GDP;A;2011;-205.576.661.478.475;
DNK;GGNLEND;TOT;PC_GDP;A;2012;-349.044.439.711.785;
DNK;GGNLEND;TOT;PC_GDP;A;2013;-12.356.471.875.801;
DNK;GGNLEND;TOT;PC_GDP;A;2014;114.442.765.256.798;
DNK;GGNLEND;TOT;PC_GDP;A;2015;-132.962.984.181.145;
DNK;GGNLEND;TOT;PC_GDP;A;2016;-0.105986872094072;
DNK;GGNLEND;TOT;PC_GDP;A;2017;178.626.148.968.858;
DNK;GGNLEND;TOT;PC_GDP;A;2018;0.760390380516002;
DNK;GGNLEND;TOT;PC_GDP;A;2019;413.162.553.217.965;
DNK;GGNLEND;TOT;PC_GDP;A;2020;0.214895583223667;
DNK;GGNLEND;TOT;PC_GDP;A;2021;363.404.719.170.736;
FIN;GGNLEND;TOT;PC_GDP;A;1975;493.015.731.004.857;E
FIN;GGNLEND;TOT;PC_GDP;A;1976;760.906.348.294.645;E
FIN;GGNLEND;TOT;PC_GDP;A;1977;62.547.312.764.633;E
FIN;GGNLEND;TOT;PC_GDP;A;1978;382.755.813.975.477;E
FIN;GGNLEND;TOT;PC_GDP;A;1979;339.865.283.492.486;E
FIN;GGNLEND;TOT;PC_GDP;A;1980;370.205.306.474.136;
FIN;GGNLEND;TOT;PC_GDP;A;1981;510.678.540.468.122;
FIN;GGNLEND;TOT;PC_GDP;A;1982;305.352.428.568.091;
FIN;GGNLEND;TOT;PC_GDP;A;1983;151.826.101.524.543;
FIN;GGNLEND;TOT;PC_GDP;A;1984;322.858.211.747.101;
FIN;GGNLEND;TOT;PC_GDP;A;1985;33.359.086.616.877;
FIN;GGNLEND;TOT;PC_GDP;A;1986;382.817.858.453.097;
FIN;GGNLEND;TOT;PC_GDP;A;1987;162.590.820.485.557;
FIN;GGNLEND;TOT;PC_GDP;A;1988;509.234.518.983.877;
FIN;GGNLEND;TOT;PC_GDP;A;1989;672.945.943.113.947;
FIN;GGNLEND;TOT;PC_GDP;A;1990;531.778.053.848.437;
FIN;GGNLEND;TOT;PC_GDP;A;1991;-0.904498325642412;
FIN;GGNLEND;TOT;PC_GDP;A;1992;-532.778.184.048.501;
FIN;GGNLEND;TOT;PC_GDP;A;1993;-808.559.294.348.252;
FIN;GGNLEND;TOT;PC_GDP;A;1994;-649.593.934.919.393;
FIN;GGNLEND;TOT;PC_GDP;A;1995;-592.497.133.405.717;
FIN;GGNLEND;TOT;PC_GDP;A;1996;-324.637.794.735.656;
FIN;GGNLEND;TOT;PC_GDP;A;1997;-121.472.470.150.803;
FIN;GGNLEND;TOT;PC_GDP;A;1998;163.852.781.513.024;
FIN;GGNLEND;TOT;PC_GDP;A;1999;166.724.447.666.173;
FIN;GGNLEND;TOT;PC_GDP;A;2000;685.346.154.409.932;
FIN;GGNLEND;TOT;PC_GDP;A;2001;497.621.484.083.303;
FIN;GGNLEND;TOT;PC_GDP;A;2002;405.694.812.979.001;
FIN;GGNLEND;TOT;PC_GDP;A;2003;24.237.392.009.173;
FIN;GGNLEND;TOT;PC_GDP;A;2004;220.965.242.696.431;
FIN;GGNLEND;TOT;PC_GDP;A;2005;265.169.685.524.662;
FIN;GGNLEND;TOT;PC_GDP;A;2006;397.115.045.373.835;
FIN;GGNLEND;TOT;PC_GDP;A;2007;510.819.363.667.465;
FIN;GGNLEND;TOT;PC_GDP;A;2008;417.676.884.667.851;
FIN;GGNLEND;TOT;PC_GDP;A;2009;-248.422.257.313.738;
FIN;GGNLEND;TOT;PC_GDP;A;2010;-253.371.106.020.421;
FIN;GGNLEND;TOT;PC_GDP;A;2011;-101.920.221.416.378;
FIN;GGNLEND;TOT;PC_GDP;A;2012;-215.582.206.260.539;
FIN;GGNLEND;TOT;PC_GDP;A;2013;-252.494.848.791.852;
FIN;GGNLEND;TOT;PC_GDP;A;2014;-29.874.768.604.668;
FIN;GGNLEND;TOT;PC_GDP;A;2015;-242.543.226.813.634;
FIN;GGNLEND;TOT;PC_GDP;A;2016;-169.825.025.974.862;
FIN;GGNLEND;TOT;PC_GDP;A;2017;-0.653996226265019;
FIN;GGNLEND;TOT;PC_GDP;A;2018;-0.854528788410962;
FIN;GGNLEND;TOT;PC_GDP;A;2019;-0.948477849394225;
FIN;GGNLEND;TOT;PC_GDP;A;2020;-558.062.158.142.818;
FIN;GGNLEND;TOT;PC_GDP;A;2021;-275.803.117.048.346;
FRA;GGNLEND;TOT;PC_GDP;A;1978;-179.682.457.725.571;
FRA;GGNLEND;TOT;PC_GDP;A;1979;-0.4821576555084;
FRA;GGNLEND;TOT;PC_GDP;A;1980;-0.428536644752861;
FRA;GGNLEND;TOT;PC_GDP;A;1981;-240.752.178.985.656;
FRA;GGNLEND;TOT;PC_GDP;A;1982;-283.691.332.089.851;
FRA;GGNLEND;TOT;PC_GDP;A;1983;-254.076.788.744.866;
FRA;GGNLEND;TOT;PC_GDP;A;1984;-273.595.179.836.782;
FRA;GGNLEND;TOT;PC_GDP;A;1985;-297.245.967.672.752;
FRA;GGNLEND;TOT;PC_GDP;A;1986;-31.974.131.962.347;
FRA;GGNLEND;TOT;PC_GDP;A;1987;-201.429.233.991.797;
FRA;GGNLEND;TOT;PC_GDP;A;1988;-256.437.692.860.578;
FRA;GGNLEND;TOT;PC_GDP;A;1989;-17.822.310.431.733;
FRA;GGNLEND;TOT;PC_GDP;A;1990;-243.397.060.973.133;
FRA;GGNLEND;TOT;PC_GDP;A;1991;-286.304.450.378.078;
FRA;GGNLEND;TOT;PC_GDP;A;1992;-460.121.858.595.576;
FRA;GGNLEND;TOT;PC_GDP;A;1993;-63.587.944.863.889;
FRA;GGNLEND;TOT;PC_GDP;A;1994;-542.289.936.069.065;
FRA;GGNLEND;TOT;PC_GDP;A;1995;-510.854.299.487.882;
FRA;GGNLEND;TOT;PC_GDP;A;1996;-390.587.942.178.419;
FRA;GGNLEND;TOT;PC_GDP;A;1997;-365.283.417.016.237;
FRA;GGNLEND;TOT;PC_GDP;A;1998;-237.843.739.459.248;
FRA;GGNLEND;TOT;PC_GDP;A;1999;-160.292.762.521.601;
FRA;GGNLEND;TOT;PC_GDP;A;2000;-131.842.268.114.447;
FRA;GGNLEND;TOT;PC_GDP;A;2001;-137.927.447.666.103;
FRA;GGNLEND;TOT;PC_GDP;A;2002;-31.602.899.304.648;
FRA;GGNLEND;TOT;PC_GDP;A;2003;-40.155.372.099.498;
FRA;GGNLEND;TOT;PC_GDP;A;2004;-359.057.029.293.687;
FRA;GGNLEND;TOT;PC_GDP;A;2005;-335.555.989.704.995;
FRA;GGNLEND;TOT;PC_GDP;A;2006;-244.368.560.794.004;
FRA;GGNLEND;TOT;PC_GDP;A;2007;-263.629.620.472.246;
FRA;GGNLEND;TOT;PC_GDP;A;2008;-326.373.482.970.116;
FRA;GGNLEND;TOT;PC_GDP;A;2009;-717.477.905.126.052;
FRA;GGNLEND;TOT;PC_GDP;A;2010;-688.672.167.290.052;
FRA;GGNLEND;TOT;PC_GDP;A;2011;-515.476.088.106.651;
FRA;GGNLEND;TOT;PC_GDP;A;2012;-498.098.433.361.866;
FRA;GGNLEND;TOT;PC_GDP;A;2013;-408.409.452.344.595;
FRA;GGNLEND;TOT;PC_GDP;A;2014;-390.465.934.648.671;
FRA;GGNLEND;TOT;PC_GDP;A;2015;-362.517.466.994.658;
FRA;GGNLEND;TOT;PC_GDP;A;2016;-363.725.639.835.479;
FRA;GGNLEND;TOT;PC_GDP;A;2017;-295.841.709.319.262;
FRA;GGNLEND;TOT;PC_GDP;A;2018;-228.895.454.080.005;
FRA;GGNLEND;TOT;PC_GDP;A;2019;-306.465.077.831.587;
FRA;GGNLEND;TOT;PC_GDP;A;2020;-89.909.451.284.566;E
FRA;GGNLEND;TOT;PC_GDP;A;2021;-65.307.273.068.972;E
DEU;GGNLEND;TOT;PC_GDP;A;1995;-943.223.143.549.332;
DEU;GGNLEND;TOT;PC_GDP;A;1996;-357.040.252.318.646;
DEU;GGNLEND;TOT;PC_GDP;A;1997;-294.210.029.829.437;
DEU;GGNLEND;TOT;PC_GDP;A;1998;-256.689.270.360.699;
DEU;GGNLEND;TOT;PC_GDP;A;1999;-171.922.038.572.844;
DEU;GGNLEND;TOT;PC_GDP;A;2000;-158.466.447.614.848;
DEU;GGNLEND;TOT;PC_GDP;A;2001;-302.544.487.098.051;
DEU;GGNLEND;TOT;PC_GDP;A;2002;-387.499.317.598.675;
DEU;GGNLEND;TOT;PC_GDP;A;2003;-370.420.108.791.492;
DEU;GGNLEND;TOT;PC_GDP;A;2004;-333.415.837.208.069;
DEU;GGNLEND;TOT;PC_GDP;A;2005;-331.943.661.479.432;
DEU;GGNLEND;TOT;PC_GDP;A;2006;-165.315.209.552.719;
DEU;GGNLEND;TOT;PC_GDP;A;2007;0.260886959652738;
DEU;GGNLEND;TOT;PC_GDP;A;2008;-0.116356239372627;
DEU;GGNLEND;TOT;PC_GDP;A;2009;-315.051.129.928.488;
DEU;GGNLEND;TOT;PC_GDP;A;2010;-437.864.607.705.506;
DEU;GGNLEND;TOT;PC_GDP;A;2011;-0.881398595167733;
DEU;GGNLEND;TOT;PC_GDP;A;2012;0.009324994262943;
DEU;GGNLEND;TOT;PC_GDP;A;2013;0.039980792146122;
DEU;GGNLEND;TOT;PC_GDP;A;2014;0.579552713472226;
DEU;GGNLEND;TOT;PC_GDP;A;2015;0.960550925589357;
DEU;GGNLEND;TOT;PC_GDP;A;2016;116.035.141.670.442;
DEU;GGNLEND;TOT;PC_GDP;A;2017;133.608.393.834.401;
DEU;GGNLEND;TOT;PC_GDP;A;2018;194.990.268.760.493;
DEU;GGNLEND;TOT;PC_GDP;A;2019;153.092.483.718.466;E
DEU;GGNLEND;TOT;PC_GDP;A;2020;-433.290.362.744.206;E
DEU;GGNLEND;TOT;PC_GDP;A;2021;-37.274.102.866.662;E
GRC;GGNLEND;TOT;PC_GDP;A;1995;-973.097.954.738.537;
GRC;GGNLEND;TOT;PC_GDP;A;1996;-815.826.266.010.893;
GRC;GGNLEND;TOT;PC_GDP;A;1997;-605.602.622.508.187;
GRC;GGNLEND;TOT;PC_GDP;A;1998;-626.843.356.890.484;
GRC;GGNLEND;TOT;PC_GDP;A;1999;-579.346.265.201.213;
GRC;GGNLEND;TOT;PC_GDP;A;2000;-406.308.720.049.148;
GRC;GGNLEND;TOT;PC_GDP;A;2001;-546.605.574.492.258;
GRC;GGNLEND;TOT;PC_GDP;A;2002;-602.407.559.052.943;
GRC;GGNLEND;TOT;PC_GDP;A;2003;-783.042.345.221.338;
GRC;GGNLEND;TOT;PC_GDP;A;2004;-882.787.977.070.417;
GRC;GGNLEND;TOT;PC_GDP;A;2005;-618.794.265.451.324;
GRC;GGNLEND;TOT;PC_GDP;A;2006;-594.597.758.004.825;
GRC;GGNLEND;TOT;PC_GDP;A;2007;-670.707.463.437.705;
GRC;GGNLEND;TOT;PC_GDP;A;2008;-101.760.239.361.008;
GRC;GGNLEND;TOT;PC_GDP;A;2009;-152.150.733.753.216;
GRC;GGNLEND;TOT;PC_GDP;A;2010;-113.972.606.480.199;B
GRC;GGNLEND;TOT;PC_GDP;A;2011;-1.050.818.305.812;
GRC;GGNLEND;TOT;PC_GDP;A;2012;-909.859.955.579.542;
GRC;GGNLEND;TOT;PC_GDP;A;2013;-133.735.900.682.035;
GRC;GGNLEND;TOT;PC_GDP;A;2014;-368.943.143.036.611;
GRC;GGNLEND;TOT;PC_GDP;A;2015;-585.477.449.734.511;
GRC;GGNLEND;TOT;PC_GDP;A;2016;0.184533368298731;
GRC;GGNLEND;TOT;PC_GDP;A;2017;0.572628967002303;
GRC;GGNLEND;TOT;PC_GDP;A;2018;0.932847842600638;
GRC;GGNLEND;TOT;PC_GDP;A;2019;114.697.896.190.886;
GRC;GGNLEND;TOT;PC_GDP;A;2020;-993.313.914.005.727;E
GRC;GGNLEND;TOT;PC_GDP;A;2021;-745.178.441.229.841;E
HUN;GGNLEND;TOT;PC_GDP;A;1995;-859.895.145.758.156;
HUN;GGNLEND;TOT;PC_GDP;A;1996;-437.642.027.405.454;
HUN;GGNLEND;TOT;PC_GDP;A;1997;-55.506.877.535.497;
HUN;GGNLEND;TOT;PC_GDP;A;1998;-742.433.325.947.077;
HUN;GGNLEND;TOT;PC_GDP;A;1999;-52.766.279.076.362;
HUN;GGNLEND;TOT;PC_GDP;A;2000;-304.138.710.956.697;
HUN;GGNLEND;TOT;PC_GDP;A;2001;-399.940.254.696.825;
HUN;GGNLEND;TOT;PC_GDP;A;2002;-879.771.369.035.393;
HUN;GGNLEND;TOT;PC_GDP;A;2003;-718.307.480.325.024;
HUN;GGNLEND;TOT;PC_GDP;A;2004;-659.060.213.900.871;
HUN;GGNLEND;TOT;PC_GDP;A;2005;-777.883.887.942.119;
HUN;GGNLEND;TOT;PC_GDP;A;2006;-92.597.704.971.808;
HUN;GGNLEND;TOT;PC_GDP;A;2007;-50.830.051.459.298;
HUN;GGNLEND;TOT;PC_GDP;A;2008;-378.258.025.044.015;
HUN;GGNLEND;TOT;PC_GDP;A;2009;-474.977.051.953.533;
HUN;GGNLEND;TOT;PC_GDP;A;2010;-442.691.243.577.018;
HUN;GGNLEND;TOT;PC_GDP;A;2011;-521.139.348.582.647;
HUN;GGNLEND;TOT;PC_GDP;A;2012;-232.436.313.032.366;
HUN;GGNLEND;TOT;PC_GDP;A;2013;-259.748.293.212.455;
HUN;GGNLEND;TOT;PC_GDP;A;2014;-277.484.011.669.423;
HUN;GGNLEND;TOT;PC_GDP;A;2015;-200.399.765.904.472;
HUN;GGNLEND;TOT;PC_GDP;A;2016;-179.684.531.019.785;
HUN;GGNLEND;TOT;PC_GDP;A;2017;-245.909.218.483.516;
HUN;GGNLEND;TOT;PC_GDP;A;2018;-211.236.069.263.675;
HUN;GGNLEND;TOT;PC_GDP;A;2019;-203.124.935.159.344;
HUN;GGNLEND;TOT;PC_GDP;A;2020;-753.624.972.026.301;
HUN;GGNLEND;TOT;PC_GDP;A;2021;-714.365.519.110.091;E
ISL;GGNLEND;TOT;PC_GDP;A;1998;-0.565309413290688;
ISL;GGNLEND;TOT;PC_GDP;A;1999;131.906.848.872.647;
ISL;GGNLEND;TOT;PC_GDP;A;2000;144.593.564.748.473;
ISL;GGNLEND;TOT;PC_GDP;A;2001;-0.280551600596997;
ISL;GGNLEND;TOT;PC_GDP;A;2002;-227.402.551.778.058;
ISL;GGNLEND;TOT;PC_GDP;A;2003;-232.382.113.924.286;
ISL;GGNLEND;TOT;PC_GDP;A;2004;0.286477580411271;
ISL;GGNLEND;TOT;PC_GDP;A;2005;500.645.797.642.744;
ISL;GGNLEND;TOT;PC_GDP;A;2006;644.941.539.290.495;
ISL;GGNLEND;TOT;PC_GDP;A;2007;559.867.336.486.791;
ISL;GGNLEND;TOT;PC_GDP;A;2008;-121.383.932.432.886;
ISL;GGNLEND;TOT;PC_GDP;A;2009;-857.947.218.110.683;
ISL;GGNLEND;TOT;PC_GDP;A;2010;-666.349.631.417.642;
ISL;GGNLEND;TOT;PC_GDP;A;2011;-653.001.155.026.822;
ISL;GGNLEND;TOT;PC_GDP;A;2012;-262.461.881.659.715;
ISL;GGNLEND;TOT;PC_GDP;A;2013;-124.770.110.616.781;
ISL;GGNLEND;TOT;PC_GDP;A;2014;0.29497599442089;
ISL;GGNLEND;TOT;PC_GDP;A;2015;-0.395505063221949;
ISL;GGNLEND;TOT;PC_GDP;A;2016;125.493.065.514.201;
ISL;GGNLEND;TOT;PC_GDP;A;2017;0.954938972663949;
ISL;GGNLEND;TOT;PC_GDP;A;2018;0.912012090627101;
ISL;GGNLEND;TOT;PC_GDP;A;2019;-151.378.734.178.526;
ISL;GGNLEND;TOT;PC_GDP;A;2020;-89.250.819.582.196;
ISL;GGNLEND;TOT;PC_GDP;A;2021;-794.060.286.624.924;
IRL;GGNLEND;TOT;PC_GDP;A;1995;-20.765.634.687.738;
IRL;GGNLEND;TOT;PC_GDP;A;1996;-0.197697106078684;
IRL;GGNLEND;TOT;PC_GDP;A;1997;1.373.184.430.191;
IRL;GGNLEND;TOT;PC_GDP;A;1998;207.115.895.092.002;
IRL;GGNLEND;TOT;PC_GDP;A;1999;353.703.131.881.583;
IRL;GGNLEND;TOT;PC_GDP;A;2000;485.527.997.929.916;
IRL;GGNLEND;TOT;PC_GDP;A;2001;0.959331579783503;
IRL;GGNLEND;TOT;PC_GDP;A;2002;-0.519318143567938;
IRL;GGNLEND;TOT;PC_GDP;A;2003;0.346072496048769;
IRL;GGNLEND;TOT;PC_GDP;A;2004;129.819.289.938.719;
IRL;GGNLEND;TOT;PC_GDP;A;2005;157.041.911.737.573;
IRL;GGNLEND;TOT;PC_GDP;A;2006;277.537.544.712.449;
IRL;GGNLEND;TOT;PC_GDP;A;2007;0.267834585531793;
IRL;GGNLEND;TOT;PC_GDP;A;2008;-703.055.867.863.061;
IRL;GGNLEND;TOT;PC_GDP;A;2009;-138.728.172.362.648;
IRL;GGNLEND;TOT;PC_GDP;A;2010;-32.118.771.359.587;
IRL;GGNLEND;TOT;PC_GDP;A;2011;-13.581.851.606.594;
IRL;GGNLEND;TOT;PC_GDP;A;2012;-846.342.545.756.099;
IRL;GGNLEND;TOT;PC_GDP;A;2013;-639.451.922.365.954;
IRL;GGNLEND;TOT;PC_GDP;A;2014;-361.244.128.583.537;
IRL;GGNLEND;TOT;PC_GDP;A;2015;-203.731.586.017.412;
IRL;GGNLEND;TOT;PC_GDP;A;2016;-0.761724408237173;
IRL;GGNLEND;TOT;PC_GDP;A;2017;-0.284803479540645;
IRL;GGNLEND;TOT;PC_GDP;A;2018;0.136588266371244;
IRL;GGNLEND;TOT;PC_GDP;A;2019;0.474986871587425;
IRL;GGNLEND;TOT;PC_GDP;A;2020;-503.237.348.119.276;
IRL;GGNLEND;TOT;PC_GDP;A;2021;-166.071.899.677.964;
ITA;GGNLEND;TOT;PC_GDP;A;1995;-721.026.969.879.479;
ITA;GGNLEND;TOT;PC_GDP;A;1996;-661.466.734.909.516;
ITA;GGNLEND;TOT;PC_GDP;A;1997;-298.162.515.140.422;
ITA;GGNLEND;TOT;PC_GDP;A;1998;-298.826.164.253.763;
ITA;GGNLEND;TOT;PC_GDP;A;1999;-17.727.957.166.301;
ITA;GGNLEND;TOT;PC_GDP;A;2000;-242.333.366.008.521;
ITA;GGNLEND;TOT;PC_GDP;A;2001;-31.903.094.828.702;
ITA;GGNLEND;TOT;PC_GDP;A;2002;-286.930.158.357.038;
ITA;GGNLEND;TOT;PC_GDP;A;2003;-321.762.520.961.599;
ITA;GGNLEND;TOT;PC_GDP;A;2004;-347.885.003.225.875;
ITA;GGNLEND;TOT;PC_GDP;A;2005;-408.252.268.810.197;
ITA;GGNLEND;TOT;PC_GDP;A;2006;-36.165.696.777.998;
ITA;GGNLEND;TOT;PC_GDP;A;2007;-13.402.567.858.434;
ITA;GGNLEND;TOT;PC_GDP;A;2008;-256.390.153.162.418;
ITA;GGNLEND;TOT;PC_GDP;A;2009;-512.104.598.879.611;
ITA;GGNLEND;TOT;PC_GDP;A;2010;-423.973.644.794.317;
ITA;GGNLEND;TOT;PC_GDP;A;2011;-359.301.237.939.542;
ITA;GGNLEND;TOT;PC_GDP;A;2012;-294.540.854.800.113;
ITA;GGNLEND;TOT;PC_GDP;A;2013;-285.425.285.349.328;
ITA;GGNLEND;TOT;PC_GDP;A;2014;-295.439.563.437.658;
ITA;GGNLEND;TOT;PC_GDP;A;2015;-255.220.179.357.298;
ITA;GGNLEND;TOT;PC_GDP;A;2016;-240.389.888.634.585;
ITA;GGNLEND;TOT;PC_GDP;A;2017;-241.910.481.259.625;
ITA;GGNLEND;TOT;PC_GDP;A;2018;-216.513.438.702.868;
ITA;GGNLEND;TOT;PC_GDP;A;2019;-150.886.497.831.935;
ITA;GGNLEND;TOT;PC_GDP;A;2020;-949.313.311.270.106;
ITA;GGNLEND;TOT;PC_GDP;A;2021;-723.335.322.053.742;
JPN;GGNLEND;TOT;PC_GDP;A;2005;-443.846.152.112.727;
JPN;GGNLEND;TOT;PC_GDP;A;2006;-302.875.608.544.721;
JPN;GGNLEND;TOT;PC_GDP;A;2007;-290.102.556.789.893;
JPN;GGNLEND;TOT;PC_GDP;A;2008;-410.962.900.877.149;
JPN;GGNLEND;TOT;PC_GDP;A;2009;-969.302.442.485.772;
JPN;GGNLEND;TOT;PC_GDP;A;2010;-907.583.042.450.843;
JPN;GGNLEND;TOT;PC_GDP;A;2011;-898.552.595.050.466;
JPN;GGNLEND;TOT;PC_GDP;A;2012;-81.964.782.635.366;
JPN;GGNLEND;TOT;PC_GDP;A;2013;-761.141.229.241.719;
JPN;GGNLEND;TOT;PC_GDP;A;2014;-561.611.068.385.212;
JPN;GGNLEND;TOT;PC_GDP;A;2015;-367.784.610.700.882;
JPN;GGNLEND;TOT;PC_GDP;A;2016;-35.995.727.863.274;
JPN;GGNLEND;TOT;PC_GDP;A;2017;-309.874.103.418.536;
JPN;GGNLEND;TOT;PC_GDP;A;2018;-247.140.785.236.012;
JPN;GGNLEND;TOT;PC_GDP;A;2019;-304.459.064.065.438;
JPN;GGNLEND;TOT;PC_GDP;A;2020;-907.705.389.751.177;
JPN;GGNLEND;TOT;PC_GDP;A;2021;-62.000.515.854.893;
KOR;GGNLEND;TOT;PC_GDP;A;1970;-0.007151541157119;
KOR;GGNLEND;TOT;PC_GDP;A;1971;-104.712.041.884.817;
KOR;GGNLEND;TOT;PC_GDP;A;1972;-250.720.528.621.974;
KOR;GGNLEND;TOT;PC_GDP;A;1973;-231.035.044.234.979;
KOR;GGNLEND;TOT;PC_GDP;A;1974;-174.067.046.173.308;
KOR;GGNLEND;TOT;PC_GDP;A;1975;-403.467.506.354.566;
KOR;GGNLEND;TOT;PC_GDP;A;1976;-110.137.637.499.309;
KOR;GGNLEND;TOT;PC_GDP;A;1977;-188.627.533.171.038;
KOR;GGNLEND;TOT;PC_GDP;A;1978;-0.360969210280467;
KOR;GGNLEND;TOT;PC_GDP;A;1979;-0.194122022202128;
KOR;GGNLEND;TOT;PC_GDP;A;1980;-133.895.194.725.753;
KOR;GGNLEND;TOT;PC_GDP;A;1981;-358.064.659.008.089;
KOR;GGNLEND;TOT;PC_GDP;A;1982;-0.694577789570336;
KOR;GGNLEND;TOT;PC_GDP;A;1983;0.706961358752411;
KOR;GGNLEND;TOT;PC_GDP;A;1984;116.615.961.308.694;
KOR;GGNLEND;TOT;PC_GDP;A;1985;0.647341361652201;
KOR;GGNLEND;TOT;PC_GDP;A;1986;110.131.688.057.965;
KOR;GGNLEND;TOT;PC_GDP;A;1987;205.665.180.471.627;
KOR;GGNLEND;TOT;PC_GDP;A;1988;261.968.413.921.875;
KOR;GGNLEND;TOT;PC_GDP;A;1989;212.301.675.856.354;
KOR;GGNLEND;TOT;PC_GDP;A;1990;248.294.493.014.925;
KOR;GGNLEND;TOT;PC_GDP;A;1991;103.471.981.940.036;
KOR;GGNLEND;TOT;PC_GDP;A;1992;0.904839937047094;
KOR;GGNLEND;TOT;PC_GDP;A;1993;140.477.877.335.997;
KOR;GGNLEND;TOT;PC_GDP;A;1994;251.545.396.509.039;
KOR;GGNLEND;TOT;PC_GDP;A;1995;278.814.926.149.137;
KOR;GGNLEND;TOT;PC_GDP;A;1996;303.456.711.600.203;
KOR;GGNLEND;TOT;PC_GDP;A;1997;231.111.778.595.569;
KOR;GGNLEND;TOT;PC_GDP;A;1998;0.25179848749654;
KOR;GGNLEND;TOT;PC_GDP;A;1999;140.264.737.857.446;
KOR;GGNLEND;TOT;PC_GDP;A;2000;416.660.016.721.033;
KOR;GGNLEND;TOT;PC_GDP;A;2001;290.715.428.233.916;
KOR;GGNLEND;TOT;PC_GDP;A;2002;311.125.462.620.611;
KOR;GGNLEND;TOT;PC_GDP;A;2003;-213.302.442.781.822;
KOR;GGNLEND;TOT;PC_GDP;A;2004;-0.077968894340975;
KOR;GGNLEND;TOT;PC_GDP;A;2005;135.182.304.455.658;
KOR;GGNLEND;TOT;PC_GDP;A;2006;19.690.503.643.839;
KOR;GGNLEND;TOT;PC_GDP;A;2007;395.731.623.491.433;
KOR;GGNLEND;TOT;PC_GDP;A;2008;213.128.126.309.059;
KOR;GGNLEND;TOT;PC_GDP;A;2009;-127.621.266.461.122;
KOR;GGNLEND;TOT;PC_GDP;A;2010;0.882973015803889;
KOR;GGNLEND;TOT;PC_GDP;A;2011;0.983334595689424;
KOR;GGNLEND;TOT;PC_GDP;A;2012;10.179.351.402.954;
KOR;GGNLEND;TOT;PC_GDP;A;2013;128.341.250.454.502;
KOR;GGNLEND;TOT;PC_GDP;A;2014;121.232.002.300.297;
KOR;GGNLEND;TOT;PC_GDP;A;2015;118.041.370.299.183;
KOR;GGNLEND;TOT;PC_GDP;A;2016;220.918.834.297.001;
KOR;GGNLEND;TOT;PC_GDP;A;2017;268.183.517.312.377;
KOR;GGNLEND;TOT;PC_GDP;A;2018;302.487.218.631.028;
KOR;GGNLEND;TOT;PC_GDP;A;2019;0.955750488919683;
KOR;GGNLEND;TOT;PC_GDP;A;2020;-269.496.026.796.567;
KOR;GGNLEND;TOT;PC_GDP;A;2021;-0.751132667650742;E
LUX;GGNLEND;TOT;PC_GDP;A;1995;268.093.823.126.452;
LUX;GGNLEND;TOT;PC_GDP;A;1996;232.241.955.149.898;
LUX;GGNLEND;TOT;PC_GDP;A;1997;250.391.804.583.609;
LUX;GGNLEND;TOT;PC_GDP;A;1998;284.722.016.160.372;
LUX;GGNLEND;TOT;PC_GDP;A;1999;310.817.349.960.159;
LUX;GGNLEND;TOT;PC_GDP;A;2000;554.493.388.526.865;
LUX;GGNLEND;TOT;PC_GDP;A;2001;562.665.931.989.885;
LUX;GGNLEND;TOT;PC_GDP;A;2002;20.309.787.328.775;
LUX;GGNLEND;TOT;PC_GDP;A;2003;0.272959990104962;
LUX;GGNLEND;TOT;PC_GDP;A;2004;-139.332.579.314.336;
LUX;GGNLEND;TOT;PC_GDP;A;2005;-0.207820181284718;
LUX;GGNLEND;TOT;PC_GDP;A;2006;191.157.027.006.109;
LUX;GGNLEND;TOT;PC_GDP;A;2007;436.293.032.262.476;
LUX;GGNLEND;TOT;PC_GDP;A;2008;337.394.371.180.147;
LUX;GGNLEND;TOT;PC_GDP;A;2009;-0.209983200575723;
LUX;GGNLEND;TOT;PC_GDP;A;2010;-0.317479670818248;
LUX;GGNLEND;TOT;PC_GDP;A;2011;0.658409701082492;
LUX;GGNLEND;TOT;PC_GDP;A;2012;0.506445416884984;
LUX;GGNLEND;TOT;PC_GDP;A;2013;0.843740322870048;
LUX;GGNLEND;TOT;PC_GDP;A;2014;133.881.502.387.601;
LUX;GGNLEND;TOT;PC_GDP;A;2015;133.405.848.410.145;
LUX;GGNLEND;TOT;PC_GDP;A;2016;189.296.668.229.194;
LUX;GGNLEND;TOT;PC_GDP;A;2017;136.684.995.856.197;
LUX;GGNLEND;TOT;PC_GDP;A;2018;297.685.520.526.515;
LUX;GGNLEND;TOT;PC_GDP;A;2019;223.055.951.182.414;
LUX;GGNLEND;TOT;PC_GDP;A;2020;-342.785.762.124.927;
LUX;GGNLEND;TOT;PC_GDP;A;2021;0.794369980740584;E
MEX;GGNLEND;TOT;PC_GDP;A;2003;-132.252.368.416.166;
MEX;GGNLEND;TOT;PC_GDP;A;2004;-0.852532368670327;
MEX;GGNLEND;TOT;PC_GDP;A;2005;-0.721209221389657;
MEX;GGNLEND;TOT;PC_GDP;A;2006;-0.970869796770489;
MEX;GGNLEND;TOT;PC_GDP;A;2007;-0.710615641515271;
MEX;GGNLEND;TOT;PC_GDP;A;2008;-0.934756000041571;
MEX;GGNLEND;TOT;PC_GDP;A;2009;-308.037.947.252.433;
MEX;GGNLEND;TOT;PC_GDP;A;2010;-297.155.291.159.784;
MEX;GGNLEND;TOT;PC_GDP;A;2011;-529.719.477.091.961;
MEX;GGNLEND;TOT;PC_GDP;A;2012;-472.690.618.652.223;
MEX;GGNLEND;TOT;PC_GDP;A;2013;-454.687.794.920.237;
MEX;GGNLEND;TOT;PC_GDP;A;2014;-422.302.456.040.569;
MEX;GGNLEND;TOT;PC_GDP;A;2015;-516.765.515.728.037;
MEX;GGNLEND;TOT;PC_GDP;A;2016;-288.241.470.679.049;
MEX;GGNLEND;TOT;PC_GDP;A;2017;-250.815.381.160.069;
MEX;GGNLEND;TOT;PC_GDP;A;2018;-510.355.877.733.913;
MEX;GGNLEND;TOT;PC_GDP;A;2019;-367.727.739.383.204;
MEX;GGNLEND;TOT;PC_GDP;A;2020;-535.515.696.342.991;E
MEX;GGNLEND;TOT;PC_GDP;A;2021;-595.329.287.411.094;E
NLD;GGNLEND;TOT;PC_GDP;A;1995;-874.867.621.310.466;
NLD;GGNLEND;TOT;PC_GDP;A;1996;-184.026.115.342.764;
NLD;GGNLEND;TOT;PC_GDP;A;1997;-160.007.153.579.771;
NLD;GGNLEND;TOT;PC_GDP;A;1998;-137.511.254.263.939;
NLD;GGNLEND;TOT;PC_GDP;A;1999;0.235779897439321;
NLD;GGNLEND;TOT;PC_GDP;A;2000;118.714.975.653.032;
NLD;GGNLEND;TOT;PC_GDP;A;2001;-0.438074960415538;
NLD;GGNLEND;TOT;PC_GDP;A;2002;-202.499.516.100.388;
NLD;GGNLEND;TOT;PC_GDP;A;2003;-3.089.838.341.686;
NLD;GGNLEND;TOT;PC_GDP;A;2004;-178.674.667.382.096;
NLD;GGNLEND;TOT;PC_GDP;A;2005;-0.471424966825987;
NLD;GGNLEND;TOT;PC_GDP;A;2006;-0.032674930629925;
NLD;GGNLEND;TOT;PC_GDP;A;2007;-0.231923381300774;
NLD;GGNLEND;TOT;PC_GDP;A;2008;0.124691361839808;
NLD;GGNLEND;TOT;PC_GDP;A;2009;-521.667.877.639.467;
NLD;GGNLEND;TOT;PC_GDP;A;2010;-533.959.545.485.124;
NLD;GGNLEND;TOT;PC_GDP;A;2011;-444.216.194.440.301;
NLD;GGNLEND;TOT;PC_GDP;A;2012;-393.175.142.350.444;
NLD;GGNLEND;TOT;PC_GDP;A;2013;-295.671.369.932.911;
NLD;GGNLEND;TOT;PC_GDP;A;2014;-225.385.669.188.159;
NLD;GGNLEND;TOT;PC_GDP;A;2015;-194.360.065.390.546;
NLD;GGNLEND;TOT;PC_GDP;A;2016;0.126916990076757;
NLD;GGNLEND;TOT;PC_GDP;A;2017;137.113.795.915.713;
NLD;GGNLEND;TOT;PC_GDP;A;2018;150.235.081.467.777;
NLD;GGNLEND;TOT;PC_GDP;A;2019;179.914.027.956.288;
NLD;GGNLEND;TOT;PC_GDP;A;2020;-371.461.213.011.437;
NLD;GGNLEND;TOT;PC_GDP;A;2021;-260.732.685.939.025;E
NOR;GGNLEND;TOT;PC_GDP;A;1995;314.233.266.676.219;
NOR;GGNLEND;TOT;PC_GDP;A;1996;61.656.135.746.469;
NOR;GGNLEND;TOT;PC_GDP;A;1997;746.000.315.418.718;
NOR;GGNLEND;TOT;PC_GDP;A;1998;318.308.977.645.726;
NOR;GGNLEND;TOT;PC_GDP;A;1999;581.019.507.951.795;
NOR;GGNLEND;TOT;PC_GDP;A;2000;150.648.551.068.379;
NOR;GGNLEND;TOT;PC_GDP;A;2001;13.193.390.551.465;
NOR;GGNLEND;TOT;PC_GDP;A;2002;904.494.864.275.163;
NOR;GGNLEND;TOT;PC_GDP;A;2003;722.115.524.659.891;
NOR;GGNLEND;TOT;PC_GDP;A;2004;108.657.782.862.783;
NOR;GGNLEND;TOT;PC_GDP;A;2005;147.730.110.799.719;
NOR;GGNLEND;TOT;PC_GDP;A;2006;179.505.007.632.031;
NOR;GGNLEND;TOT;PC_GDP;A;2007;17.110.229.757.554;
NOR;GGNLEND;TOT;PC_GDP;A;2008;186.377.532.037.636;
NOR;GGNLEND;TOT;PC_GDP;A;2009;102.416.695.868.734;
NOR;GGNLEND;TOT;PC_GDP;A;2010;109.296.274.444.053;
NOR;GGNLEND;TOT;PC_GDP;A;2011;133.548.634.055.494;
NOR;GGNLEND;TOT;PC_GDP;A;2012;137.673.651.584.503;
NOR;GGNLEND;TOT;PC_GDP;A;2013;106.744.086.396.824;
NOR;GGNLEND;TOT;PC_GDP;A;2014;862.919.612.559.037;
NOR;GGNLEND;TOT;PC_GDP;A;2015;602.407.198.839.793;
NOR;GGNLEND;TOT;PC_GDP;A;2016;405.955.428.856.207;
NOR;GGNLEND;TOT;PC_GDP;A;2017;499.914.729.157.348;
NOR;GGNLEND;TOT;PC_GDP;A;2018;786.358.648.245.589;
NOR;GGNLEND;TOT;PC_GDP;A;2019;658.372.536.540.083;
NOR;GGNLEND;TOT;PC_GDP;A;2020;-259.790.716.570.114;
NOR;GGNLEND;TOT;PC_GDP;A;2021;101.455.811.633.456;
POL;GGNLEND;TOT;PC_GDP;A;1995;-419.231.438.010.781;
POL;GGNLEND;TOT;PC_GDP;A;1996;-459.114.094.332.677;
POL;GGNLEND;TOT;PC_GDP;A;1997;-456.158.076.627.209;
POL;GGNLEND;TOT;PC_GDP;A;1998;-417.359.163.107.413;
POL;GGNLEND;TOT;PC_GDP;A;1999;-225.327.264.910.382;
POL;GGNLEND;TOT;PC_GDP;A;2000;-39.943.458.969.676;
POL;GGNLEND;TOT;PC_GDP;A;2001;-474.135.945.584.916;
POL;GGNLEND;TOT;PC_GDP;A;2002;-481.757.270.867.038;
POL;GGNLEND;TOT;PC_GDP;A;2003;-603.610.686.157.856;
POL;GGNLEND;TOT;PC_GDP;A;2004;-500.776.451.600.112;
POL;GGNLEND;TOT;PC_GDP;A;2005;-393.830.575.550.463;
POL;GGNLEND;TOT;PC_GDP;A;2006;-353.945.228.817.941;
POL;GGNLEND;TOT;PC_GDP;A;2007;-188.251.363.359.236;
POL;GGNLEND;TOT;PC_GDP;A;2008;-360.610.188.002.063;
POL;GGNLEND;TOT;PC_GDP;A;2009;-725.205.444.507.206;
POL;GGNLEND;TOT;PC_GDP;A;2010;-746.523.904.604.676;
POL;GGNLEND;TOT;PC_GDP;A;2011;-500.437.359.724.673;
POL;GGNLEND;TOT;PC_GDP;A;2012;-381.593.053.804.738;
POL;GGNLEND;TOT;PC_GDP;A;2013;-426.813.632.811.206;
POL;GGNLEND;TOT;PC_GDP;A;2014;-366.868.934.322.502;
POL;GGNLEND;TOT;PC_GDP;A;2015;-260.004.192.450.142;
POL;GGNLEND;TOT;PC_GDP;A;2016;-23.990.869.871.385;
POL;GGNLEND;TOT;PC_GDP;A;2017;-149.238.902.276.283;
POL;GGNLEND;TOT;PC_GDP;A;2018;-0.249470257784366;
POL;GGNLEND;TOT;PC_GDP;A;2019;-0.743240526949624;
POL;GGNLEND;TOT;PC_GDP;A;2020;-692.287.027.435.842;
POL;GGNLEND;TOT;PC_GDP;A;2021;-183.673.609.385.552;
PRT;GGNLEND;TOT;PC_GDP;A;1995;-517.867.542.208.957;
PRT;GGNLEND;TOT;PC_GDP;A;1996;-47.376.625.583.346;
PRT;GGNLEND;TOT;PC_GDP;A;1997;-370.560.385.635.002;
PRT;GGNLEND;TOT;PC_GDP;A;1998;-438.754.526.905.654;
PRT;GGNLEND;TOT;PC_GDP;A;1999;-303.149.649.585.352;
PRT;GGNLEND;TOT;PC_GDP;A;2000;-321.620.359.765.601;
PRT;GGNLEND;TOT;PC_GDP;A;2001;-478.986.526.894.651;
PRT;GGNLEND;TOT;PC_GDP;A;2002;-333.437.941.452.512;
PRT;GGNLEND;TOT;PC_GDP;A;2003;-565.604.241.283.527;
PRT;GGNLEND;TOT;PC_GDP;A;2004;-618.355.972.346.978;
PRT;GGNLEND;TOT;PC_GDP;A;2005;-613.031.487.624.456;
PRT;GGNLEND;TOT;PC_GDP;A;2006;-418.049.464.301.704;
PRT;GGNLEND;TOT;PC_GDP;A;2007;-289.922.577.919.492;
PRT;GGNLEND;TOT;PC_GDP;A;2008;-369.958.521.191.248;
PRT;GGNLEND;TOT;PC_GDP;A;2009;-987.256.399.467.286;
PRT;GGNLEND;TOT;PC_GDP;A;2010;-113.983.916.299.366;
PRT;GGNLEND;TOT;PC_GDP;A;2011;-766.322.170.628.003;
PRT;GGNLEND;TOT;PC_GDP;A;2012;-617.976.460.212.093;
PRT;GGNLEND;TOT;PC_GDP;A;2013;-510.450.711.404.398;
PRT;GGNLEND;TOT;PC_GDP;A;2014;-735.602.339.738.596;
PRT;GGNLEND;TOT;PC_GDP;A;2015;-444.878.385.338.494;
PRT;GGNLEND;TOT;PC_GDP;A;2016;-193.502.260.560.498;
PRT;GGNLEND;TOT;PC_GDP;A;2017;-29.560.155.513.314;
PRT;GGNLEND;TOT;PC_GDP;A;2018;-0.348984115359724;
PRT;GGNLEND;TOT;PC_GDP;A;2019;0.115330816679698;
PRT;GGNLEND;TOT;PC_GDP;A;2020;-58.194.077.395.982;
PRT;GGNLEND;TOT;PC_GDP;A;2021;-289.804.618.628.049;E
SVK;GGNLEND;TOT;PC_GDP;A;1995;-347.318.900.639.588;
SVK;GGNLEND;TOT;PC_GDP;A;1996;-981.565.983.235.762;
SVK;GGNLEND;TOT;PC_GDP;A;1997;-626.612.301.522.511;
SVK;GGNLEND;TOT;PC_GDP;A;1998;-529.696.950.485.267;
SVK;GGNLEND;TOT;PC_GDP;A;1999;-717.311.281.112.567;
SVK;GGNLEND;TOT;PC_GDP;A;2000;-126.309.703.965.441;
SVK;GGNLEND;TOT;PC_GDP;A;2001;-72.204.623.191.007;
SVK;GGNLEND;TOT;PC_GDP;A;2002;-822.062.979.680.949;
SVK;GGNLEND;TOT;PC_GDP;A;2003;-312.019.205.246.891;
SVK;GGNLEND;TOT;PC_GDP;A;2004;-23.142.073.760.149;
SVK;GGNLEND;TOT;PC_GDP;A;2005;-287.434.072.373.496;
SVK;GGNLEND;TOT;PC_GDP;A;2006;-357.847.588.133.196;
SVK;GGNLEND;TOT;PC_GDP;A;2007;-205.036.616.802.731;
SVK;GGNLEND;TOT;PC_GDP;A;2008;-252.342.400.483.425;
SVK;GGNLEND;TOT;PC_GDP;A;2009;-814.933.724.150.046;
SVK;GGNLEND;TOT;PC_GDP;A;2010;-747.284.804.858.499;
SVK;GGNLEND;TOT;PC_GDP;A;2011;-430.349.459.139.898;
SVK;GGNLEND;TOT;PC_GDP;A;2012;-435.185.652.993.078;
SVK;GGNLEND;TOT;PC_GDP;A;2013;-287.790.256.434.606;
SVK;GGNLEND;TOT;PC_GDP;A;2014;-310.403.349.512.073;
SVK;GGNLEND;TOT;PC_GDP;A;2015;-266.502.598.505.794;
SVK;GGNLEND;TOT;PC_GDP;A;2016;-257.443.540.067.958;
SVK;GGNLEND;TOT;PC_GDP;A;2017;-0.979628209451633;
SVK;GGNLEND;TOT;PC_GDP;A;2018;-101.091.861.309.612;
SVK;GGNLEND;TOT;PC_GDP;A;2019;-121.899.691.036.874;
SVK;GGNLEND;TOT;PC_GDP;A;2020;-535.916.787.244.911;
SVK;GGNLEND;TOT;PC_GDP;A;2021;-546.207.589.881.999;
ESP;GGNLEND;TOT;PC_GDP;A;1995;-678.849.644.367.634;
ESP;GGNLEND;TOT;PC_GDP;A;1996;-58.628.013.319.624;
ESP;GGNLEND;TOT;PC_GDP;A;1997;-385.696.788.556.198;
ESP;GGNLEND;TOT;PC_GDP;A;1998;-262.485.319.059.772;
ESP;GGNLEND;TOT;PC_GDP;A;1999;-123.916.652.538.176;
ESP;GGNLEND;TOT;PC_GDP;A;2000;-116.076.073.047.661;
ESP;GGNLEND;TOT;PC_GDP;A;2001;-0.454926083427367;
ESP;GGNLEND;TOT;PC_GDP;A;2002;-0.316722522253293;
ESP;GGNLEND;TOT;PC_GDP;A;2003;-0.375062635086119;
ESP;GGNLEND;TOT;PC_GDP;A;2004;-0.109490282591976;
ESP;GGNLEND;TOT;PC_GDP;A;2005;123.156.454.310.476;
ESP;GGNLEND;TOT;PC_GDP;A;2006;212.407.964.352.281;
ESP;GGNLEND;TOT;PC_GDP;A;2007;188.621.705.024.179;
ESP;GGNLEND;TOT;PC_GDP;A;2008;-457.225.104.795.587;
ESP;GGNLEND;TOT;PC_GDP;A;2009;-112.759.194.368.774;
ESP;GGNLEND;TOT;PC_GDP;A;2010;-952.662.837.731.389;
ESP;GGNLEND;TOT;PC_GDP;A;2011;-973.957.545.054.678;
ESP;GGNLEND;TOT;PC_GDP;A;2012;-115.507.262.119.049;
ESP;GGNLEND;TOT;PC_GDP;A;2013;-752.814.063.606.802;
ESP;GGNLEND;TOT;PC_GDP;A;2014;-611.045.043.230.345;
ESP;GGNLEND;TOT;PC_GDP;A;2015;-530.891.612.218.623;
ESP;GGNLEND;TOT;PC_GDP;A;2016;-429.757.183.108.702;
ESP;GGNLEND;TOT;PC_GDP;A;2017;-311.640.854.302.653;
ESP;GGNLEND;TOT;PC_GDP;A;2018;-259.365.922.421.147;
ESP;GGNLEND;TOT;PC_GDP;A;2019;-30.602.651.277.024;
ESP;GGNLEND;TOT;PC_GDP;A;2020;-101.252.337.903.146;E
ESP;GGNLEND;TOT;PC_GDP;A;2021;-687.297.923.008.977;E
SWE;GGNLEND;TOT;PC_GDP;A;1995;-697.314.258.173.364;
SWE;GGNLEND;TOT;PC_GDP;A;1996;-309.103.194.894.384;
SWE;GGNLEND;TOT;PC_GDP;A;1997;-154.972.307.009.973;
SWE;GGNLEND;TOT;PC_GDP;A;1998;0.84583388491364;
SWE;GGNLEND;TOT;PC_GDP;A;1999;0.633121571529887;
SWE;GGNLEND;TOT;PC_GDP;A;2000;313.638.970.313.739;
SWE;GGNLEND;TOT;PC_GDP;A;2001;140.646.099.760.717;
SWE;GGNLEND;TOT;PC_GDP;A;2002;-140.909.412.793.419;
SWE;GGNLEND;TOT;PC_GDP;A;2003;-121.632.623.168.566;
SWE;GGNLEND;TOT;PC_GDP;A;2004;0.202035620173034;
SWE;GGNLEND;TOT;PC_GDP;A;2005;180.284.775.091.818;
SWE;GGNLEND;TOT;PC_GDP;A;2006;209.045.292.452.625;
SWE;GGNLEND;TOT;PC_GDP;A;2007;329.523.612.179.462;
SWE;GGNLEND;TOT;PC_GDP;A;2008;190.885.611.354.141;
SWE;GGNLEND;TOT;PC_GDP;A;2009;-0.848655574534287;
SWE;GGNLEND;TOT;PC_GDP;A;2010;-0.101634746770816;
SWE;GGNLEND;TOT;PC_GDP;A;2011;-0.34869450804138;
SWE;GGNLEND;TOT;PC_GDP;A;2012;-112.447.322.877.433;
SWE;GGNLEND;TOT;PC_GDP;A;2013;-147.077.789.325.841;
SWE;GGNLEND;TOT;PC_GDP;A;2014;-153.436.370.603.572;
SWE;GGNLEND;TOT;PC_GDP;A;2015;0.003074778134807;
SWE;GGNLEND;TOT;PC_GDP;A;2016;0.998815183857146;
SWE;GGNLEND;TOT;PC_GDP;A;2017;140.855.515.585.197;
SWE;GGNLEND;TOT;PC_GDP;A;2018;0.782759004918081;
SWE;GGNLEND;TOT;PC_GDP;A;2019;0.563943537126266;
SWE;GGNLEND;TOT;PC_GDP;A;2020;-277.122.054.056.157;
SWE;GGNLEND;TOT;PC_GDP;A;2021;-0.077773139706044;
CHE;GGNLEND;TOT;PC_GDP;A;1995;-185.895.569.457.184;
CHE;GGNLEND;TOT;PC_GDP;A;1996;-201.475.613.007.117;
CHE;GGNLEND;TOT;PC_GDP;A;1997;-23.332.633.725.181;
CHE;GGNLEND;TOT;PC_GDP;A;1998;-130.527.021.702.649;
CHE;GGNLEND;TOT;PC_GDP;A;1999;-157.064.522.141.656;
CHE;GGNLEND;TOT;PC_GDP;A;2000;0.281967572609398;
CHE;GGNLEND;TOT;PC_GDP;A;2001;0.20757513790665;
CHE;GGNLEND;TOT;PC_GDP;A;2002;-174.696.916.847.951;
CHE;GGNLEND;TOT;PC_GDP;A;2003;-135.910.611.191.144;
CHE;GGNLEND;TOT;PC_GDP;A;2004;-139.123.381.865.117;
CHE;GGNLEND;TOT;PC_GDP;A;2005;-0.645829102427237;
CHE;GGNLEND;TOT;PC_GDP;A;2006;0.846512111766341;
CHE;GGNLEND;TOT;PC_GDP;A;2007;157.588.931.156.565;
CHE;GGNLEND;TOT;PC_GDP;A;2008;193.360.363.582.722;
CHE;GGNLEND;TOT;PC_GDP;A;2009;0.497601255244884;
CHE;GGNLEND;TOT;PC_GDP;A;2010;0.353915183124948;
CHE;GGNLEND;TOT;PC_GDP;A;2011;0.68340966149988;
CHE;GGNLEND;TOT;PC_GDP;A;2012;0.235231939085042;
CHE;GGNLEND;TOT;PC_GDP;A;2013;-0.432566380073156;
CHE;GGNLEND;TOT;PC_GDP;A;2014;-0.247108562968546;
CHE;GGNLEND;TOT;PC_GDP;A;2015;0.545515746530997;
CHE;GGNLEND;TOT;PC_GDP;A;2016;0.238305521628409;
CHE;GGNLEND;TOT;PC_GDP;A;2017;113.047.758.046.302;
CHE;GGNLEND;TOT;PC_GDP;A;2018;129.038.926.529.805;
CHE;GGNLEND;TOT;PC_GDP;A;2019;134.110.575.156.848;
CHE;GGNLEND;TOT;PC_GDP;A;2020;-305.939.695.603.663;
CHE;GGNLEND;TOT;PC_GDP;A;2021;-0.540009154748259;
TUR;GGNLEND;TOT;PC_GDP;A;2009;-612.654.345.908.476;
TUR;GGNLEND;TOT;PC_GDP;A;2010;-275.323.479.802.454;
TUR;GGNLEND;TOT;PC_GDP;A;2011;-0.736199994901517;
TUR;GGNLEND;TOT;PC_GDP;A;2012;-0.300218444724951;
TUR;GGNLEND;TOT;PC_GDP;A;2013;0.203597868391041;
TUR;GGNLEND;TOT;PC_GDP;A;2014;0.219587879237371;
TUR;GGNLEND;TOT;PC_GDP;A;2015;0.496583390936607;
TUR;GGNLEND;TOT;PC_GDP;A;2016;-132.264.638.065.281;
TUR;GGNLEND;TOT;PC_GDP;A;2017;-27.838.094.583.033;
TUR;GGNLEND;TOT;PC_GDP;A;2018;-287.562.941.933.908;
TUR;GGNLEND;TOT;PC_GDP;A;2019;-442.474.487.297.574;
TUR;GGNLEND;TOT;PC_GDP;A;2020;-466.018.301.258.022;
GBR;GGNLEND;TOT;PC_GDP;A;1990;-190.100.913.959.196;
GBR;GGNLEND;TOT;PC_GDP;A;1991;-309.306.352.493.804;
GBR;GGNLEND;TOT;PC_GDP;A;1992;-604.385.795.260.128;
GBR;GGNLEND;TOT;PC_GDP;A;1993;-737.819.576.281.484;
GBR;GGNLEND;TOT;PC_GDP;A;1994;-639.415.670.508.162;
GBR;GGNLEND;TOT;PC_GDP;A;1995;-516.471.549.461.537;
GBR;GGNLEND;TOT;PC_GDP;A;1996;-381.450.697.826.521;
GBR;GGNLEND;TOT;PC_GDP;A;1997;-221.929.405.253.095;
GBR;GGNLEND;TOT;PC_GDP;A;1998;-0.444599660170955;
GBR;GGNLEND;TOT;PC_GDP;A;1999;0.599530718766461;
GBR;GGNLEND;TOT;PC_GDP;A;2000;131.872.063.846.385;
GBR;GGNLEND;TOT;PC_GDP;A;2001;0.300439264731434;
GBR;GGNLEND;TOT;PC_GDP;A;2002;-199.351.246.102.651;
GBR;GGNLEND;TOT;PC_GDP;A;2003;-32.471.867.743.664;
GBR;GGNLEND;TOT;PC_GDP;A;2004;-320.608.725.876.895;
GBR;GGNLEND;TOT;PC_GDP;A;2005;-319.410.020.983.922;
GBR;GGNLEND;TOT;PC_GDP;A;2006;-281.579.020.624.821;
GBR;GGNLEND;TOT;PC_GDP;A;2007;-270.016.923.363.557;
GBR;GGNLEND;TOT;PC_GDP;A;2008;-517.621.400.895.571;
GBR;GGNLEND;TOT;PC_GDP;A;2009;-101.034.743.620.971;
GBR;GGNLEND;TOT;PC_GDP;A;2010;-92.537.061.649.821;
GBR;GGNLEND;TOT;PC_GDP;A;2011;-743.601.622.630.784;
GBR;GGNLEND;TOT;PC_GDP;A;2012;-803.914.919.150.312;
GBR;GGNLEND;TOT;PC_GDP;A;2013;-535.287.067.916.889;
GBR;GGNLEND;TOT;PC_GDP;A;2014;-554.291.944.447.874;
GBR;GGNLEND;TOT;PC_GDP;A;2015;-457.012.448.737.583;
GBR;GGNLEND;TOT;PC_GDP;A;2016;-328.163.440.047.093;
GBR;GGNLEND;TOT;PC_GDP;A;2017;-246.910.323.605.473;
GBR;GGNLEND;TOT;PC_GDP;A;2018;-224.746.339.360.622;
GBR;GGNLEND;TOT;PC_GDP;A;2019;-245.113.807.147.057;
GBR;GGNLEND;TOT;PC_GDP;A;2020;-13.096.880.252.788;
GBR;GGNLEND;TOT;PC_GDP;A;2021;-808.361.737.009.998;
USA;GGNLEND;TOT;PC_GDP;A;1970;-443.330.541.328.963;
USA;GGNLEND;TOT;PC_GDP;A;1971;-527.788.985.706.314;
USA;GGNLEND;TOT;PC_GDP;A;1972;-400.046.907.615.451;
USA;GGNLEND;TOT;PC_GDP;A;1973;-2.741.606.425.252;
USA;GGNLEND;TOT;PC_GDP;A;1974;-332.815.615.408.062;
USA;GGNLEND;TOT;PC_GDP;A;1975;-726.123.862.249.719;
USA;GGNLEND;TOT;PC_GDP;A;1976;-524.570.676.391.525;
USA;GGNLEND;TOT;PC_GDP;A;1977;-396.954.404.450.708;
USA;GGNLEND;TOT;PC_GDP;A;1978;-312.312.175.672.808;
USA;GGNLEND;TOT;PC_GDP;A;1979;-262.148.345.870.128;
USA;GGNLEND;TOT;PC_GDP;A;1980;-404.849.391.402.464;
USA;GGNLEND;TOT;PC_GDP;A;1981;-361.572.552.393.312;
USA;GGNLEND;TOT;PC_GDP;A;1982;-621.298.174.017.559;
USA;GGNLEND;TOT;PC_GDP;A;1983;-69.437.083.486.744;
USA;GGNLEND;TOT;PC_GDP;A;1984;-58.318.466.876.345;
USA;GGNLEND;TOT;PC_GDP;A;1985;-59.876.759.025.568;
USA;GGNLEND;TOT;PC_GDP;A;1986;-618.164.214.540.429;
USA;GGNLEND;TOT;PC_GDP;A;1987;-517.381.207.629.322;
USA;GGNLEND;TOT;PC_GDP;A;1988;-451.714.505.165.534;
USA;GGNLEND;TOT;PC_GDP;A;1989;-43.016.335.849.177;
USA;GGNLEND;TOT;PC_GDP;A;1990;-524.079.076.406.674;
USA;GGNLEND;TOT;PC_GDP;A;1991;-612.652.316.961.856;
USA;GGNLEND;TOT;PC_GDP;A;1992;-714.633.177.139.735;
USA;GGNLEND;TOT;PC_GDP;A;1993;-632.803.625.367.953;
USA;GGNLEND;TOT;PC_GDP;A;1994;-499.449.036.644.346;
USA;GGNLEND;TOT;PC_GDP;A;1995;-464.307.793.358.133;
USA;GGNLEND;TOT;PC_GDP;A;1996;-3.499.333.962.747;
USA;GGNLEND;TOT;PC_GDP;A;1997;-207.376.067.204.256;
USA;GGNLEND;TOT;PC_GDP;A;1998;-0.910456428724093;
USA;GGNLEND;TOT;PC_GDP;A;1999;-0.482207149867119;
USA;GGNLEND;TOT;PC_GDP;A;2000;0.335568833021557;
USA;GGNLEND;TOT;PC_GDP;A;2001;-184.742.403.771.562;
USA;GGNLEND;TOT;PC_GDP;A;2002;-530.319.217.268.234;
USA;GGNLEND;TOT;PC_GDP;A;2003;-641.433.602.904.914;
USA;GGNLEND;TOT;PC_GDP;A;2004;-577.504.281.669.869;
USA;GGNLEND;TOT;PC_GDP;A;2005;-444.771.944.161.899;
USA;GGNLEND;TOT;PC_GDP;A;2006;-333.341.922.668.048;
USA;GGNLEND;TOT;PC_GDP;A;2007;-397.930.307.578.408;
USA;GGNLEND;TOT;PC_GDP;A;2008;-734.253.576.641.407;
USA;GGNLEND;TOT;PC_GDP;A;2009;-130.999.303.981.671;
USA;GGNLEND;TOT;PC_GDP;A;2010;-123.800.087.314.946;
USA;GGNLEND;TOT;PC_GDP;A;2011;-109.559.946.899.084;
USA;GGNLEND;TOT;PC_GDP;A;2012;-918.706.752.873.298;
USA;GGNLEND;TOT;PC_GDP;A;2013;-580.240.709.661.041;
USA;GGNLEND;TOT;PC_GDP;A;2014;-518.710.236.243.174;
USA;GGNLEND;TOT;PC_GDP;A;2015;-459.851.061.376.776;
USA;GGNLEND;TOT;PC_GDP;A;2016;-540.322.852.408.539;
USA;GGNLEND;TOT;PC_GDP;A;2017;-442.322.839.102.697;
USA;GGNLEND;TOT;PC_GDP;A;2018;-609.295.069.443.626;
USA;GGNLEND;TOT;PC_GDP;A;2019;-665.791.168.747.395;
USA;GGNLEND;TOT;PC_GDP;A;2020;-148.599.779.853.008;
USA;GGNLEND;TOT;PC_GDP;A;2021;-120.643.385.283.542;
CHL;GGNLEND;TOT;PC_GDP;A;2007;692.514.309.088.739;
CHL;GGNLEND;TOT;PC_GDP;A;2008;4.811.061.242.744;
CHL;GGNLEND;TOT;PC_GDP;A;2009;-465.781.533.055.234;
CHL;GGNLEND;TOT;PC_GDP;A;2010;-6,82964E+14;
CHL;GGNLEND;TOT;PC_GDP;A;2011;0.760581675641288;
CHL;GGNLEND;TOT;PC_GDP;A;2012;0.20324773401694;
CHL;GGNLEND;TOT;PC_GDP;A;2013;-0.759210428668322;
CHL;GGNLEND;TOT;PC_GDP;A;2014;-194.887.638.357.192;
CHL;GGNLEND;TOT;PC_GDP;A;2015;-246.893.001.577.956;
CHL;GGNLEND;TOT;PC_GDP;A;2016;-29.195.558.383.688;
CHL;GGNLEND;TOT;PC_GDP;A;2017;-309.035.652.417.303;
CHL;GGNLEND;TOT;PC_GDP;A;2018;-142.635.694.262.624;
CHL;GGNLEND;TOT;PC_GDP;A;2019;-363.969.536.680.467;
CHL;GGNLEND;TOT;PC_GDP;A;2020;-746.739.004.347.129;
EST;GGNLEND;TOT;PC_GDP;A;1995;104.835.073.985.781;
EST;GGNLEND;TOT;PC_GDP;A;1996;-0.34782892251839;
EST;GGNLEND;TOT;PC_GDP;A;1997;212.114.474.289.364;
EST;GGNLEND;TOT;PC_GDP;A;1998;-0.756798773342904;
EST;GGNLEND;TOT;PC_GDP;A;1999;-329.949.275.662.392;
EST;GGNLEND;TOT;PC_GDP;A;2000;-0.068053170071402;
EST;GGNLEND;TOT;PC_GDP;A;2001;0.198938936995695;
EST;GGNLEND;TOT;PC_GDP;A;2002;0.418020653032631;
EST;GGNLEND;TOT;PC_GDP;A;2003;179.542.943.361.372;
EST;GGNLEND;TOT;PC_GDP;A;2004;239.428.250.655.789;
EST;GGNLEND;TOT;PC_GDP;A;2005;112.489.609.367.401;
EST;GGNLEND;TOT;PC_GDP;A;2006;289.042.687.964.342;
EST;GGNLEND;TOT;PC_GDP;A;2007;274.063.068.149.279;
EST;GGNLEND;TOT;PC_GDP;A;2008;-264.772.122.639.053;
EST;GGNLEND;TOT;PC_GDP;A;2009;-219.079.505.332.346;
EST;GGNLEND;TOT;PC_GDP;A;2010;0.189945085925933;
EST;GGNLEND;TOT;PC_GDP;A;2011;108.531.045.668.383;
EST;GGNLEND;TOT;PC_GDP;A;2012;-0.286883473810143;
EST;GGNLEND;TOT;PC_GDP;A;2013;0.18032038903685;
EST;GGNLEND;TOT;PC_GDP;A;2014;0.707793298020483;
EST;GGNLEND;TOT;PC_GDP;A;2015;0.113419561637563;
EST;GGNLEND;TOT;PC_GDP;A;2016;-0.411993616048564;
EST;GGNLEND;TOT;PC_GDP;A;2017;-0.475379009236635;
EST;GGNLEND;TOT;PC_GDP;A;2018;-0.55298098475008;
EST;GGNLEND;TOT;PC_GDP;A;2019;0.120656697885429;
EST;GGNLEND;TOT;PC_GDP;A;2020;-546.878.192.986.287;
EST;GGNLEND;TOT;PC_GDP;A;2021;-240.579.457.040.692;
ISR;GGNLEND;TOT;PC_GDP;A;1995;-880.766.321.270.828;
ISR;GGNLEND;TOT;PC_GDP;A;1996;-996.184.986.123.538;
ISR;GGNLEND;TOT;PC_GDP;A;1997;-885.211.308.302.624;
ISR;GGNLEND;TOT;PC_GDP;A;1998;-689.261.055.510.477;
ISR;GGNLEND;TOT;PC_GDP;A;1999;-309.993.301.544.043;
ISR;GGNLEND;TOT;PC_GDP;A;2000;-0.781990626759048;
ISR;GGNLEND;TOT;PC_GDP;A;2001;-404.011.099.736.076;
ISR;GGNLEND;TOT;PC_GDP;A;2002;-820.972.185.605.262;
ISR;GGNLEND;TOT;PC_GDP;A;2003;-498.618.490.171.567;
ISR;GGNLEND;TOT;PC_GDP;A;2004;-338.329.193.808.731;
ISR;GGNLEND;TOT;PC_GDP;A;2005;-271.233.873.759.865;
ISR;GGNLEND;TOT;PC_GDP;A;2006;-0.915939876237395;
ISR;GGNLEND;TOT;PC_GDP;A;2007;-0.335995782759873;
ISR;GGNLEND;TOT;PC_GDP;A;2008;-348.727.933.013.749;
ISR;GGNLEND;TOT;PC_GDP;A;2009;-654.908.161.611.385;
ISR;GGNLEND;TOT;PC_GDP;A;2010;-372.159.531.027.373;
ISR;GGNLEND;TOT;PC_GDP;A;2011;-341.970.991.706.312;
ISR;GGNLEND;TOT;PC_GDP;A;2012;-44.128.280.206.703;
ISR;GGNLEND;TOT;PC_GDP;A;2013;-407.926.412.175.108;
ISR;GGNLEND;TOT;PC_GDP;A;2014;-228.405.396.413.113;
ISR;GGNLEND;TOT;PC_GDP;A;2015;-115.980.162.047.348;
ISR;GGNLEND;TOT;PC_GDP;A;2016;-16.929.181.008.264;
ISR;GGNLEND;TOT;PC_GDP;A;2017;-117.580.415.676.975;
ISR;GGNLEND;TOT;PC_GDP;A;2018;-358.762.485.464.977;
ISR;GGNLEND;TOT;PC_GDP;A;2019;-387.474.030.857.766;
ISR;GGNLEND;TOT;PC_GDP;A;2020;-107.567.529.096.334;
ISR;GGNLEND;TOT;PC_GDP;A;2021;-367.538.851.604.989;
RUS;GGNLEND;TOT;PC_GDP;A;2011;295.333.242.900.712;
RUS;GGNLEND;TOT;PC_GDP;A;2012;175.376.671.374.955;
RUS;GGNLEND;TOT;PC_GDP;A;2013;-0.567405880547197;
RUS;GGNLEND;TOT;PC_GDP;A;2014;-224.738.838.263.604;
RUS;GGNLEND;TOT;PC_GDP;A;2015;-139.208.756.736.032;
RUS;GGNLEND;TOT;PC_GDP;A;2016;-24.535.277.564.284;
RUS;GGNLEND;TOT;PC_GDP;A;2017;-0.634077373618773;
RUS;GGNLEND;TOT;PC_GDP;A;2018;348.448.361.996.048;
RUS;GGNLEND;TOT;PC_GDP;A;2019;366.928.494.608.759;
SVN;GGNLEND;TOT;PC_GDP;A;1995;-814.454.579.410.602;
SVN;GGNLEND;TOT;PC_GDP;A;1996;-109.324.839.289.673;
SVN;GGNLEND;TOT;PC_GDP;A;1997;-230.671.981.748.648;
SVN;GGNLEND;TOT;PC_GDP;A;1998;-232.592.101.504.364;
SVN;GGNLEND;TOT;PC_GDP;A;1999;-29.716.279.506.281;
SVN;GGNLEND;TOT;PC_GDP;A;2000;-364.491.355.726.047;
SVN;GGNLEND;TOT;PC_GDP;A;2001;-445.041.270.552.021;
SVN;GGNLEND;TOT;PC_GDP;A;2002;-237.436.471.885.737;
SVN;GGNLEND;TOT;PC_GDP;A;2003;-259.466.938.251.391;
SVN;GGNLEND;TOT;PC_GDP;A;2004;-194.098.860.238.057;
SVN;GGNLEND;TOT;PC_GDP;A;2005;-132.415.945.072.868;
SVN;GGNLEND;TOT;PC_GDP;A;2006;-123.096.855.225.396;
SVN;GGNLEND;TOT;PC_GDP;A;2007;-0.049011423061552;
SVN;GGNLEND;TOT;PC_GDP;A;2008;-139.377.791.947.238;
SVN;GGNLEND;TOT;PC_GDP;A;2009;-581.292.025.751.688;
SVN;GGNLEND;TOT;PC_GDP;A;2010;-559.967.295.085.188;
SVN;GGNLEND;TOT;PC_GDP;A;2011;-662.934.386.278.543;
SVN;GGNLEND;TOT;PC_GDP;A;2012;-399.470.149.486.634;
SVN;GGNLEND;TOT;PC_GDP;A;2013;-145.786.511.789.207;
SVN;GGNLEND;TOT;PC_GDP;A;2014;-550.718.477.623.963;
SVN;GGNLEND;TOT;PC_GDP;A;2015;-284.747.697.751.419;
SVN;GGNLEND;TOT;PC_GDP;A;2016;-191.911.045.170.402;
SVN;GGNLEND;TOT;PC_GDP;A;2017;-0.052986027487205;
SVN;GGNLEND;TOT;PC_GDP;A;2018;0.743498562425977;
SVN;GGNLEND;TOT;PC_GDP;A;2019;0.572248423162078;
SVN;GGNLEND;TOT;PC_GDP;A;2020;-772.333.063.302.274;
SVN;GGNLEND;TOT;PC_GDP;A;2021;-467.278.353.736.836;
ZAF;GGNLEND;TOT;PC_GDP;A;1995;-470.409.846.241.155;
ZAF;GGNLEND;TOT;PC_GDP;A;1996;-550.006.224.285.428;
ZAF;GGNLEND;TOT;PC_GDP;A;1997;-606.854.904.660.249;
ZAF;GGNLEND;TOT;PC_GDP;A;1998;-423.484.030.890.505;
ZAF;GGNLEND;TOT;PC_GDP;A;1999;-302.832.095.242.545;
ZAF;GGNLEND;TOT;PC_GDP;A;2000;-326.294.165.634.603;
ZAF;GGNLEND;TOT;PC_GDP;A;2001;-202.687.201.761.899;
ZAF;GGNLEND;TOT;PC_GDP;A;2002;-272.537.204.306.375;
ZAF;GGNLEND;TOT;PC_GDP;A;2003;-363.797.231.185.594;
ZAF;GGNLEND;TOT;PC_GDP;A;2004;-374.090.069.029.129;
ZAF;GGNLEND;TOT;PC_GDP;A;2005;-230.610.997.441.519;
ZAF;GGNLEND;TOT;PC_GDP;A;2006;0.147874306839187;
ZAF;GGNLEND;TOT;PC_GDP;A;2007;0.833324642498561;
ZAF;GGNLEND;TOT;PC_GDP;A;2008;-173.786.007.379.289;
ZAF;GGNLEND;TOT;PC_GDP;A;2009;-385.420.450.879.439;
ZAF;GGNLEND;TOT;PC_GDP;A;2010;-327.877.971.325.556;
ZAF;GGNLEND;TOT;PC_GDP;A;2011;-247.502.372.796.199;
ZAF;GGNLEND;TOT;PC_GDP;A;2012;-359.616.464.424.154;
ZAF;GGNLEND;TOT;PC_GDP;A;2013;-35.633.228.851.816;
ZAF;GGNLEND;TOT;PC_GDP;A;2014;-383.672.083.394.527;
ZAF;GGNLEND;TOT;PC_GDP;A;2015;-368.101.587.041.306;
ZAF;GGNLEND;TOT;PC_GDP;A;2016;-336.482.965.981.968;
ZAF;GGNLEND;TOT;PC_GDP;A;2017;-380.814.471.490.105;
ZAF;GGNLEND;TOT;PC_GDP;A;2018;-336.368.682.341.128;
ZAF;GGNLEND;TOT;PC_GDP;A;2019;-488.341.139.807.802;
EA;GGNLEND;TOT;PC_GDP;A;1995;-733.436.053.446.277;
EA;GGNLEND;TOT;PC_GDP;A;1996;-436.341.757.455.526;
EA;GGNLEND;TOT;PC_GDP;A;1997;-305.315.802.376.377;
EA;GGNLEND;TOT;PC_GDP;A;1998;-244.691.874.094.681;
EA;GGNLEND;TOT;PC_GDP;A;1999;-15.148.534.744.494;
EA;GGNLEND;TOT;PC_GDP;A;2000;-127.135.799.294.413;
EA;GGNLEND;TOT;PC_GDP;A;2001;-195.508.212.986.577;
EA;GGNLEND;TOT;PC_GDP;A;2002;-266.597.516.467.892;
EA;GGNLEND;TOT;PC_GDP;A;2003;-308.889.495.727.667;
EA;GGNLEND;TOT;PC_GDP;A;2004;-28.636.849.080.406;
EA;GGNLEND;TOT;PC_GDP;A;2005;-259.611.978.472.859;
EA;GGNLEND;TOT;PC_GDP;A;2006;-151.760.594.319.758;
EA;GGNLEND;TOT;PC_GDP;A;2007;-0.646414704455964;
EA;GGNLEND;TOT;PC_GDP;A;2008;-216.085.345.015.118;
EA;GGNLEND;TOT;PC_GDP;A;2009;-624.204.387.999.703;
EA;GGNLEND;TOT;PC_GDP;A;2010;-627.985.163.935.437;
EA;GGNLEND;TOT;PC_GDP;A;2011;-424.620.926.305.148;
EA;GGNLEND;TOT;PC_GDP;A;2012;-380.182.358.225.124;
EA;GGNLEND;TOT;PC_GDP;A;2013;-307.101.578.086.974;
EA;GGNLEND;TOT;PC_GDP;A;2014;-248.848.767.177.575;
EA;GGNLEND;TOT;PC_GDP;A;2015;-198.674.608.002.756;
EA;GGNLEND;TOT;PC_GDP;A;2016;-146.950.153.616.847;
EA;GGNLEND;TOT;PC_GDP;A;2017;-0.935629445545446;
EA;GGNLEND;TOT;PC_GDP;A;2018;-0.429293872928638;
EA;GGNLEND;TOT;PC_GDP;A;2019;-0.636142900070575;E
EA;GGNLEND;TOT;PC_GDP;A;2020;-704.668.760.445.516;E
EA;GGNLEND;TOT;PC_GDP;A;2021;-511.625.831.057.079;E
EU;GGNLEND;TOT;PC_GDP;A;1995;-718.234.268.394.173;
EU;GGNLEND;TOT;PC_GDP;A;1996;-427.454.796.781.884;
EU;GGNLEND;TOT;PC_GDP;A;1997;-299.259.633.360.204;
EU;GGNLEND;TOT;PC_GDP;A;1998;-236.358.684.049.345;
EU;GGNLEND;TOT;PC_GDP;A;1999;-147.128.952.265.358;
EU;GGNLEND;TOT;PC_GDP;A;2000;-117.321.546.491.962;
EU;GGNLEND;TOT;PC_GDP;A;2001;-190.872.678.249.112;
EU;GGNLEND;TOT;PC_GDP;A;2002;-270.661.900.337.518;
EU;GGNLEND;TOT;PC_GDP;A;2003;-308.757.954.921.691;
EU;GGNLEND;TOT;PC_GDP;A;2004;-271.622.515.183.123;
EU;GGNLEND;TOT;PC_GDP;A;2005;-2.347.936.972.624;
EU;GGNLEND;TOT;PC_GDP;A;2006;-138.139.093.357.293;
EU;GGNLEND;TOT;PC_GDP;A;2007;-0.499263293949057;
EU;GGNLEND;TOT;PC_GDP;A;2008;-200.678.843.917.467;
EU;GGNLEND;TOT;PC_GDP;A;2009;-604.763.149.863.212;
EU;GGNLEND;TOT;PC_GDP;A;2010;-598.338.232.089.438;
EU;GGNLEND;TOT;PC_GDP;A;2011;-408.821.152.524.892;
EU;GGNLEND;TOT;PC_GDP;A;2012;-367.873.153.297.861;
EU;GGNLEND;TOT;PC_GDP;A;2013;-297.095.705.594.579;
EU;GGNLEND;TOT;PC_GDP;A;2014;-241.277.942.720.942;
EU;GGNLEND;TOT;PC_GDP;A;2015;-188.709.208.185.398;
EU;GGNLEND;TOT;PC_GDP;A;2016;-135.646.140.429.415;
EU;GGNLEND;TOT;PC_GDP;A;2017;-0.793201338410184;
EU;GGNLEND;TOT;PC_GDP;A;2018;-0.376209996906985;
EU;GGNLEND;TOT;PC_GDP;A;2019;-0.537346300923933;E
EU;GGNLEND;TOT;PC_GDP;A;2020;-672.762.566.425.552;E
EU;GGNLEND;TOT;PC_GDP;A;2021;-463.504.415.448.578;E
NZL;GGNLEND;TOT;PC_GDP;A;1986;-663.789.622.625.231;
NZL;GGNLEND;TOT;PC_GDP;A;1987;-219.600.411.251.093;
NZL;GGNLEND;TOT;PC_GDP;A;1988;-464.109.135.187.178;
NZL;GGNLEND;TOT;PC_GDP;A;1989;-324.433.576.740.135;
NZL;GGNLEND;TOT;PC_GDP;A;1990;-441.897.409.639.345;
NZL;GGNLEND;TOT;PC_GDP;A;1991;-342.989.498.065.433;
NZL;GGNLEND;TOT;PC_GDP;A;1992;-29.185.534.229.782;
NZL;GGNLEND;TOT;PC_GDP;A;1993;-0.595133791143737;
NZL;GGNLEND;TOT;PC_GDP;A;1994;253.168.690.569.755;
NZL;GGNLEND;TOT;PC_GDP;A;1995;233.496.820.316.721;
NZL;GGNLEND;TOT;PC_GDP;A;1996;244.585.117.852.445;
NZL;GGNLEND;TOT;PC_GDP;A;1997;100.082.049.325.001;
NZL;GGNLEND;TOT;PC_GDP;A;1998;-0.053722876453298;
NZL;GGNLEND;TOT;PC_GDP;A;1999;-0.244327866535958;
NZL;GGNLEND;TOT;PC_GDP;A;2000;162.367.843.523.394;
NZL;GGNLEND;TOT;PC_GDP;A;2001;130.228.727.702.157;
NZL;GGNLEND;TOT;PC_GDP;A;2002;325.647.095.375.829;
NZL;GGNLEND;TOT;PC_GDP;A;2003;338.437.530.276.398;
NZL;GGNLEND;TOT;PC_GDP;A;2004;382.683.635.375.488;
NZL;GGNLEND;TOT;PC_GDP;A;2005;447.118.825.067.357;
NZL;GGNLEND;TOT;PC_GDP;A;2006;502.745.284.993.372;
NZL;GGNLEND;TOT;PC_GDP;A;2007;414.270.408.682.563;
NZL;GGNLEND;TOT;PC_GDP;A;2008;0.312841198272494;
NZL;GGNLEND;TOT;PC_GDP;A;2009;-296.056.220.600.496;
NZL;GGNLEND;TOT;PC_GDP;A;2010;-705.266.988.620.157;
NZL;GGNLEND;TOT;PC_GDP;A;2011;-426.770.097.406.408;
NZL;GGNLEND;TOT;PC_GDP;A;2012;-234.822.910.583.984;
NZL;GGNLEND;TOT;PC_GDP;A;2013;-0.724414928348053;
NZL;GGNLEND;TOT;PC_GDP;A;2014;0.245720525816953;
NZL;GGNLEND;TOT;PC_GDP;A;2015;0.036954648703689;
NZL;GGNLEND;TOT;PC_GDP;A;2016;105.486.026.888.241;
NZL;GGNLEND;TOT;PC_GDP;A;2017;152.332.498.865.215;
NZL;GGNLEND;TOT;PC_GDP;A;2018;0.761940671243475;
NZL;GGNLEND;TOT;PC_GDP;A;2019;-0.711896582059284;
NZL;GGNLEND;TOT;PC_GDP;A;2020;-732.541.268.648.051;
BRA;GGNLEND;TOT;PC_GDP;A;2000;-485.425.593.797.439;
BRA;GGNLEND;TOT;PC_GDP;A;2001;-65.223.365.108.252;
BRA;GGNLEND;TOT;PC_GDP;A;2002;-614.244.913.982.525;
BRA;GGNLEND;TOT;PC_GDP;A;2003;-475.106.845.764.603;
BRA;GGNLEND;TOT;PC_GDP;A;2004;-296.232.736.296.647;
BRA;GGNLEND;TOT;PC_GDP;A;2005;-278.169.311.458.485;
BRA;GGNLEND;TOT;PC_GDP;A;2006;-450.231.402.468.229;
BRA;GGNLEND;TOT;PC_GDP;A;2007;-466.609.300.595.095;
BRA;GGNLEND;TOT;PC_GDP;A;2008;-274.030.211.725.691;
BRA;GGNLEND;TOT;PC_GDP;A;2009;-447.642.485.066.388;
BRA;GGNLEND;TOT;PC_GDP;A;2010;-295.999.816.770.964;
BRA;GGNLEND;TOT;PC_GDP;A;2011;-253.894.655.448.268;
BRA;GGNLEND;TOT;PC_GDP;A;2012;-2.317.914.080.868;
BRA;GGNLEND;TOT;PC_GDP;A;2013;-330.893.861.695.669;
BRA;GGNLEND;TOT;PC_GDP;A;2014;-587.713.725.998.464;
BRA;GGNLEND;TOT;PC_GDP;A;2015;-775.095.913.180.372;
BRA;GGNLEND;TOT;PC_GDP;A;2016;-715.204.245.175.878;
BRA;GGNLEND;TOT;PC_GDP;A;2017;-706.355.604.505.003;
BRA;GGNLEND;TOT;PC_GDP;A;2018;-612.840.318.320.262;
BRA;GGNLEND;TOT;PC_GDP;A;2019;-500.153.536.322.471;
LVA;GGNLEND;TOT;PC_GDP;A;1995;-142.781.937.050.311;
LVA;GGNLEND;TOT;PC_GDP;A;1996;-0.420528362171242;
LVA;GGNLEND;TOT;PC_GDP;A;1997;141.308.795.578.341;
LVA;GGNLEND;TOT;PC_GDP;A;1998;0.028763079511626;
LVA;GGNLEND;TOT;PC_GDP;A;1999;-37.322.450.926.501;
LVA;GGNLEND;TOT;PC_GDP;A;2000;-272.359.718.074.861;
LVA;GGNLEND;TOT;PC_GDP;A;2001;-194.539.742.981.063;
LVA;GGNLEND;TOT;PC_GDP;A;2002;-231.967.086.844.314;
LVA;GGNLEND;TOT;PC_GDP;A;2003;-156.491.056.586.786;
LVA;GGNLEND;TOT;PC_GDP;A;2004;-118.539.500.355.195;
LVA;GGNLEND;TOT;PC_GDP;A;2005;-0.47949536973331;
LVA;GGNLEND;TOT;PC_GDP;A;2006;-0.529535530246868;
LVA;GGNLEND;TOT;PC_GDP;A;2007;-0.559597065447442;
LVA;GGNLEND;TOT;PC_GDP;A;2008;-42.525.435.005.487;
LVA;GGNLEND;TOT;PC_GDP;A;2009;-954.483.808.638.396;
LVA;GGNLEND;TOT;PC_GDP;A;2010;-861.522.403.275.545;
LVA;GGNLEND;TOT;PC_GDP;A;2011;-428.646.457.368.608;
LVA;GGNLEND;TOT;PC_GDP;A;2012;-141.061.659.229.386;
LVA;GGNLEND;TOT;PC_GDP;A;2013;-122.066.850.381.621;
LVA;GGNLEND;TOT;PC_GDP;A;2014;-158.339.598.376.385;
LVA;GGNLEND;TOT;PC_GDP;A;2015;-142.511.071.284.593;
LVA;GGNLEND;TOT;PC_GDP;A;2016;0.022742210851905;
LVA;GGNLEND;TOT;PC_GDP;A;2017;-0.769110101368445;
LVA;GGNLEND;TOT;PC_GDP;A;2018;-0.839383024149781;
LVA;GGNLEND;TOT;PC_GDP;A;2019;-0.56596371841064;
LVA;GGNLEND;TOT;PC_GDP;A;2020;-434.108.419.658.055;
LVA;GGNLEND;TOT;PC_GDP;A;2021;-697.589.279.550.967;
COL;GGNLEND;TOT;PC_GDP;A;2005;-252.013.563.815.622;
COL;GGNLEND;TOT;PC_GDP;A;2006;-155.737.361.243.593;
COL;GGNLEND;TOT;PC_GDP;A;2007;-171.432.838.746.715;
COL;GGNLEND;TOT;PC_GDP;A;2008;-0.455772063606643;
COL;GGNLEND;TOT;PC_GDP;A;2009;-0.721329255503674;
COL;GGNLEND;TOT;PC_GDP;A;2010;-0.80671249494541;
COL;GGNLEND;TOT;PC_GDP;A;2011;-0.477849772948663;
COL;GGNLEND;TOT;PC_GDP;A;2012;-0.400896014595496;
COL;GGNLEND;TOT;PC_GDP;A;2013;-15.271.120.148.216;
COL;GGNLEND;TOT;PC_GDP;A;2014;-311.494.383.951.826;
COL;GGNLEND;TOT;PC_GDP;A;2015;-339.620.625.034.175;
COL;GGNLEND;TOT;PC_GDP;A;2016;-455.531.604.038.982;
COL;GGNLEND;TOT;PC_GDP;A;2017;-379.642.596.018.777;
COL;GGNLEND;TOT;PC_GDP;A;2018;-524.432.800.055.882;
COL;GGNLEND;TOT;PC_GDP;A;2019;-408.492.662.734.843;
COL;GGNLEND;TOT;PC_GDP;A;2020;-8.761.723.768.147;E
CRI;GGNLEND;TOT;PC_GDP;A;2000;-140.798.937.987.231;
CRI;GGNLEND;TOT;PC_GDP;A;2001;-139.090.512.603.455;
CRI;GGNLEND;TOT;PC_GDP;A;2002;-194.940.792.544.622;
CRI;GGNLEND;TOT;PC_GDP;A;2003;-112.983.126.290.158;
CRI;GGNLEND;TOT;PC_GDP;A;2004;-129.021.658.979.226;
CRI;GGNLEND;TOT;PC_GDP;A;2005;-21.933.376.056.168;
CRI;GGNLEND;TOT;PC_GDP;A;2006;0.123959212450848;
CRI;GGNLEND;TOT;PC_GDP;A;2007;0.945898405316497;
CRI;GGNLEND;TOT;PC_GDP;A;2008;-206.878.760.832.901;
CRI;GGNLEND;TOT;PC_GDP;A;2009;-326.161.523.393.411;
CRI;GGNLEND;TOT;PC_GDP;A;2010;-641.055.328.223.821;
CRI;GGNLEND;TOT;PC_GDP;A;2011;-50.596.151.757.882;
CRI;GGNLEND;TOT;PC_GDP;A;2012;-173.125.455.900.367;
CRI;GGNLEND;TOT;PC_GDP;A;2013;-261.425.101.457.477;
CRI;GGNLEND;TOT;PC_GDP;A;2014;-141.025.195.430.844;
CRI;GGNLEND;TOT;PC_GDP;A;2015;-243.673.640.155.548;
CRI;GGNLEND;TOT;PC_GDP;A;2016;-230.222.661.812.302;
CRI;GGNLEND;TOT;PC_GDP;A;2017;-345.145.552.778.767;
CRI;GGNLEND;TOT;PC_GDP;A;2018;-288.741.505.502.552;
CRI;GGNLEND;TOT;PC_GDP;A;2019;-30.894.023.117.121;
CRI;GGNLEND;TOT;PC_GDP;A;2020;-531.406.171.547.734;
CRI;GGNLEND;TOT;PC_GDP;A;2021;-0.957469872871735;E
LTU;GGNLEND;TOT;PC_GDP;A;1995;-154.762.292.321.091;
LTU;GGNLEND;TOT;PC_GDP;A;1996;-325.049.063.355.724;
LTU;GGNLEND;TOT;PC_GDP;A;1997;-117.553.225.204.174;
LTU;GGNLEND;TOT;PC_GDP;A;1998;-303.263.595.707.099;
LTU;GGNLEND;TOT;PC_GDP;A;1999;-282.221.576.184.928;
LTU;GGNLEND;TOT;PC_GDP;A;2000;-318.871.630.646.658;
LTU;GGNLEND;TOT;PC_GDP;A;2001;-353.113.844.521.234;
LTU;GGNLEND;TOT;PC_GDP;A;2002;-185.741.515.824.169;
LTU;GGNLEND;TOT;PC_GDP;A;2003;-126.564.592.750.841;
LTU;GGNLEND;TOT;PC_GDP;A;2004;-139.360.382.720.128;
LTU;GGNLEND;TOT;PC_GDP;A;2005;-0.343423572044364;
LTU;GGNLEND;TOT;PC_GDP;A;2006;-0.272395159724947;
LTU;GGNLEND;TOT;PC_GDP;A;2007;-0.81616701321044;
LTU;GGNLEND;TOT;PC_GDP;A;2008;-308.646.034.074.654;
LTU;GGNLEND;TOT;PC_GDP;A;2009;-911.844.695.083.556;
LTU;GGNLEND;TOT;PC_GDP;A;2010;-690.044.766.407.554;
LTU;GGNLEND;TOT;PC_GDP;A;2011;-894.713.713.367.361;
LTU;GGNLEND;TOT;PC_GDP;A;2012;-317.098.126.420.098;
LTU;GGNLEND;TOT;PC_GDP;A;2013;-262.640.429.529.394;
LTU;GGNLEND;TOT;PC_GDP;A;2014;-0.601482000919442;
LTU;GGNLEND;TOT;PC_GDP;A;2015;-0.299338358023994;
LTU;GGNLEND;TOT;PC_GDP;A;2016;0.251556560117952;
LTU;GGNLEND;TOT;PC_GDP;A;2017;0.41725508494993;
LTU;GGNLEND;TOT;PC_GDP;A;2018;0.537380612520062;
LTU;GGNLEND;TOT;PC_GDP;A;2019;0.474378298174068;
LTU;GGNLEND;TOT;PC_GDP;A;2020;-703.427.652.499.294;
LTU;GGNLEND;TOT;PC_GDP;A;2021;-0.987680910985457;
IDN;GGNLEND;TOT;PC_GDP;A;2010;-0.339626135746115;
IDN;GGNLEND;TOT;PC_GDP;A;2011;-103.515.878.875.231;
IDN;GGNLEND;TOT;PC_GDP;A;2012;-134.336.536.263.517;
IDN;GGNLEND;TOT;PC_GDP;A;2013;-207.406.422.327.615;
IDN;GGNLEND;TOT;PC_GDP;A;2014;-18.583.922.108.027;
IDN;GGNLEND;TOT;PC_GDP;A;2015;-255.379.820.370.968;
IDN;GGNLEND;TOT;PC_GDP;A;2016;-23.758.397.871.716;
IDN;GGNLEND;TOT;PC_GDP;A;2017;-19.565.373.086.426;
IDN;GGNLEND;TOT;PC_GDP;A;2018;-123.541.461.292.308;
IDN;GGNLEND;TOT;PC_GDP;A;2019;-212.618.902.656.466;